App Name,App ID,Genre,Installs,APK_file_name,,Permission,,,,,,,,,,,,,,,,,,,,,,,,,,,,,,,,,,,,,,,,,,,,,,,,,,,,,,,,,,,,,,,,,
+R RECIPE,jp.co.rinnai.apps.plusrrecipe,ライフスタイル,"10,000+",/mnt/c/users/ryutaro/downloads/jp.co.rinnai.apps.plusrrecipe.apk,android.permission.ACCESS_FINE_LOCATION,com.huawei.android.launcher.permission.CHANGE_BADGE,com.huawei.android.launcher.permission.READ_SETTINGS,android.permission.READ_APP_BADGE,com.majeur.launcher.permission.UPDATE_BADGE,android.permission.BLUETOOTH,android.permission.INTERNET,com.oppo.launcher.permission.WRITE_SETTINGS,android.permission.FOREGROUND_SERVICE,android.permission.BLUETOOTH_ADMIN,me.everything.badger.permission.BADGE_COUNT_WRITE,com.anddoes.launcher.permission.UPDATE_COUNT,android.permission.WRITE_EXTERNAL_STORAGE,android.permission.BLUETOOTH_SCAN,com.google.android.c2dm.permission.RECEIVE,me.everything.badger.permission.BADGE_COUNT_READ,android.permission.WAKE_LOCK,com.huawei.android.launcher.permission.WRITE_SETTINGS,android.permission.ACCESS_COARSE_LOCATION,android.permission.VIBRATE,com.google.android.finsky.permission.BIND_GET_INSTALL_REFERRER_SERVICE,android.permission.ACCESS_NETWORK_STATE,com.htc.launcher.permission.READ_SETTINGS,android.permission.RECEIVE_BOOT_COMPLETED,com.sonymobile.home.permission.PROVIDER_INSERT_BADGE,android.permission.POST_NOTIFICATIONS,android.permission.ACCESS_WIFI_STATE,android.permission.BLUETOOTH_ADVERTISE,com.sec.android.provider.badge.permission.READ,com.oppo.launcher.permission.READ_SETTINGS,com.google.android.gms.permission.AD_ID,android.permission.BLUETOOTH_CONNECT,com.android.vending.CHECK_LICENSE,com.htc.launcher.permission.UPDATE_SHORTCUT,com.sonyericsson.home.permission.BROADCAST_BADGE,android.permission.RECORD_AUDIO,android.permission.ACCESS_BACKGROUND_LOCATION,com.sec.android.provider.badge.permission.WRITE,,,,,,,,,,,,,,,,,,,,,,,,,,,,,
.yell Live,com.yelllive.app,エンタメ,"10,000+",Poppo live_5.2.389.0615_Apkpure.apk,android.permission.DISABLE_KEYGUARD,com.huawei.android.launcher.permission.READ_SETTINGS,com.huawei.android.launcher.permission.CHANGE_BADGE,android.permission.READ_APP_BADGE,android.permission.READ_MEDIA_VIDEO,com.majeur.launcher.permission.UPDATE_BADGE,android.permission.READ_MEDIA_AUDIO,android.permission.CAMERA,android.permission.BLUETOOTH,android.permission.INTERNET,com.oppo.launcher.permission.WRITE_SETTINGS,android.permission.FOREGROUND_SERVICE,android.permission.KILL_BACKGROUND_PROCESSES,com.baitu.qingshu.permission.RONG_ACCESS_RECEIVER,me.everything.badger.permission.BADGE_COUNT_WRITE,com.anddoes.launcher.permission.UPDATE_COUNT,android.permission.WRITE_EXTERNAL_STORAGE,com.google.android.c2dm.permission.RECEIVE,me.everything.badger.permission.BADGE_COUNT_READ,android.permission.REORDER_TASKS,android.permission.WAKE_LOCK,com.huawei.android.launcher.permission.WRITE_SETTINGS,android.permission.CHANGE_NETWORK_STATE,android.permission.READ_LOGS,android.permission.VIBRATE,com.google.android.finsky.permission.BIND_GET_INSTALL_REFERRER_SERVICE,android.permission.ACCESS_NETWORK_STATE,com.htc.launcher.permission.READ_SETTINGS,android.permission.RECEIVE_BOOT_COMPLETED,android.permission.SYSTEM_ALERT_WINDOW,android.permission.READ_PHONE_NUMBERS,android.permission.POST_NOTIFICATIONS,com.sonymobile.home.permission.PROVIDER_INSERT_BADGE,android.permission.ACCESS_WIFI_STATE,com.sec.android.provider.badge.permission.READ,com.oppo.launcher.permission.READ_SETTINGS,android.permission.READ_PHONE_STATE,android.permission.MODIFY_AUDIO_SETTINGS,com.huawei.android.launcher.permission.CHANGE_BADGE ,android.permission.FLASHLIGHT,android.permission.REQUEST_IGNORE_BATTERY_OPTIMIZATIONS,android.permission.CHANGE_WIFI_STATE,android.permission.READ_EXTERNAL_STORAGE,com.google.android.gms.permission.AD_ID,com.android.vending.BILLING,android.permission.READ_MEDIA_IMAGES,android.permission.BROADCAST_STICKY,com.htc.launcher.permission.UPDATE_SHORTCUT,com.sonyericsson.home.permission.BROADCAST_BADGE,com.baitu.qingshu.permission.RECEIVE_MSG,android.permission.RECORD_AUDIO,android.permission.READ_PRIVILEGED_PHONE_STATE,com.sec.android.provider.badge.permission.WRITE,android.permission.LOCAL_MAC_ADDRESS,android.permission.SCHEDULE_EXACT_ALARM,,,,,,,,,,,,
1.1.1.1 + WARP: Safer Internet,com.cloudflare.onedotonedotonedotone,ツール,"100,000,000+",1.1.1.1 + WARP_ Safer Internet_6.27_Apkpure.apk,android.permission.WRITE_EXTERNAL_STORAGE,android.permission.ACCESS_WIFI_STATE,android.permission.READ_EXTERNAL_STORAGE,com.google.android.c2dm.permission.RECEIVE,android.permission.WAKE_LOCK,android.permission.INTERNET,android.permission.ACCESS_COARSE_LOCATION,android.permission.FOREGROUND_SERVICE,com.google.android.finsky.permission.BIND_GET_INSTALL_REFERRER_SERVICE,android.permission.ACCESS_NETWORK_STATE,android.permission.RECEIVE_BOOT_COMPLETED,com.android.vending.BILLING,,,,,,,,,,,,,,,,,,,,,,,,,,,,,,,,,,,,,,,,,,,,,,,,,,,,,,,
17LIVE - ライブ配信 アプリでライブ配信を楽しもう！,com.machipopo.media17,ソーシャルネットワーク,"10,000,000+",17LIVE - Live streaming_2.155.2.0_Apkpure.apk,android.permission.DISABLE_KEYGUARD,android.permission.RECORD_VIDEO,android.permission.READ_MEDIA_VIDEO,android.permission.READ_MEDIA_AUDIO,android.permission.CAMERA,android.permission.BLUETOOTH,android.permission.INTERNET,android.permission.FOREGROUND_SERVICE,com.machipopo.media17.permission.C2D_MESSAGE,android.permission.WRITE_EXTERNAL_STORAGE,com.google.android.c2dm.permission.RECEIVE,android.permission.WAKE_LOCK,android.permission.CHANGE_NETWORK_STATE,android.permission.VIBRATE,com.google.android.finsky.permission.BIND_GET_INSTALL_REFERRER_SERVICE,android.permission.ACCESS_NETWORK_STATE,android.permission.SYSTEM_ALERT_WINDOW,android.permission.RECEIVE_BOOT_COMPLETED,android.permission.POST_NOTIFICATIONS,android.permission.ACCESS_WIFI_STATE,android.permission.MODIFY_AUDIO_SETTINGS,android.permission.GET_PACKAGE_SIZE,android.permission.DOWNLOAD_WITHOUT_NOTIFICATION,android.permission.FLASHLIGHT,com.machipopo.media17.DYNAMIC_RECEIVER_NOT_EXPORTED_PERMISSION,android.permission.CHANGE_WIFI_STATE,android.permission.READ_EXTERNAL_STORAGE,com.google.android.gms.permission.AD_ID,com.android.vending.BILLING,android.permission.READ_MEDIA_IMAGES,android.permission.ACCESS_DOWNLOAD_MANAGER,android.permission.RECORD_AUDIO,,,,,,,,,,,,,,,,,,,,,,,,,,,,,,,,,,,
1Password - パスワードマネージャー,com.onepassword.android,仕事効率化,"500,000+",/mnt/c/users/ryutaro/downloads/com.onepassword.android.apk,android.permission.POST_NOTIFICATIONS,android.permission.USE_FINGERPRINT,com.google.android.c2dm.permission.RECEIVE,android.permission.WAKE_LOCK,android.permission.CAMERA,android.permission.USE_BIOMETRIC,android.permission.INTERNET,android.permission.QUERY_ALL_PACKAGES,android.permission.ACCESS_NETWORK_STATE,com.onepassword.android.DYNAMIC_RECEIVER_NOT_EXPORTED_PERMISSION,com.android.vending.BILLING,,,,,,,,,,,,,,,,,,,,,,,,,,,,,,,,,,,,,,,,,,,,,,,,,,,,,,,,
2 人ミニゲーム : チャレンジ,com.JindoBlu.TwoPlayerGamesChallenge,アーケード,"100,000,000+",2 Player games _ the Challenge_5.9.9_Apkpure.apk,android.permission.POST_NOTIFICATIONS,android.permission.ACCESS_WIFI_STATE,android.permission.WAKE_LOCK,android.permission.INTERNET,com.google.android.finsky.permission.BIND_GET_INSTALL_REFERRER_SERVICE,android.permission.FOREGROUND_SERVICE,com.applovin.array.apphub.permission.BIND_APPHUB_SERVICE,com.google.android.gms.permission.AD_ID,android.permission.ACCESS_NETWORK_STATE,android.permission.RECEIVE_BOOT_COMPLETED,com.android.vending.BILLING,,,,,,,,,,,,,,,,,,,,,,,,,,,,,,,,,,,,,,,,,,,,,,,,,,,,,,,,
2022最新版 パスワード管理は指紋認証のパスマネージャー,jp.boy.lab.passmanager,仕事効率化,"10,000+",/mnt/c/users/ryutaro/downloads/jp.boy.lab.passmanager.apk,android.permission.WRITE_EXTERNAL_STORAGE,android.permission.ACCESS_NETWORK_STATE,android.permission.USE_FINGERPRINT,android.permission.WAKE_LOCK,android.permission.INTERNET,com.google.android.finsky.permission.BIND_GET_INSTALL_REFERRER_SERVICE,android.permission.READ_EXTERNAL_STORAGE,android.permission.RECEIVE_BOOT_COMPLETED,com.android.vending.BILLING,,,,,,,,,,,,,,,,,,,,,,,,,,,,,,,,,,,,,,,,,,,,,,,,,,,,,,,,,,
2023最新版 パスワード管理は指紋認証のパスマネージャー2,com.pass_manager,仕事効率化,500+,KawaiiWorld 2023_1.0_Apkpure.apk,com.android.vending.CHECK_LICENSE,android.permission.WRITE_EXTERNAL_STORAGE,android.permission.GET_ACCOUNTS,android.permission.ACCESS_WIFI_STATE,com.google.android.c2dm.permission.RECEIVE,android.permission.READ_CONTACTS,android.permission.WAKE_LOCK,android.permission.INTERNET,android.permission.FOREGROUND_SERVICE,com.google.android.gms.permission.AD_ID,android.permission.VIBRATE,com.google.android.finsky.permission.BIND_GET_INSTALL_REFERRER_SERVICE,android.permission.ACCESS_NETWORK_STATE,android.permission.RECEIVE_BOOT_COMPLETED,com.android.vending.BILLING,,,,,,,,,,,,,,,,,,,,,,,,,,,,,,,,,,,,,,,,,,,,,,,,,,,,
20世紀 - 択一的な歴史,com.oxiwyle.alternativehistory20tgcentury,頭脳系,"1,000,000+",/mnt/c/users/ryutaro/downloads/com.oxiwyle.alternativehistory20tgcentury.apk,com.android.vending.CHECK_LICENSE,android.permission.ACCESS_WIFI_STATE,android.permission.REORDER_TASKS,android.permission.READ_PHONE_STATE,android.permission.WAKE_LOCK,android.permission.INTERNET,android.permission.FOREGROUND_SERVICE,com.google.android.gms.permission.AD_ID,com.google.android.finsky.permission.BIND_GET_INSTALL_REFERRER_SERVICE,android.permission.ACCESS_NETWORK_STATE,android.permission.RECEIVE_BOOT_COMPLETED,com.android.vending.BILLING,,,,,,,,,,,,,,,,,,,,,,,,,,,,,,,,,,,,,,,,,,,,,,,,,,,,,,,
30日で痩せる - 自宅トレーニング・ダイエット・体重管理,loseweight.weightloss.workout.fitness,健康＆フィットネス,"100,000,000+",30 robux_9.4.2z_Apkpure.apk,android.permission.WRITE_EXTERNAL_STORAGE,android.permission.ACCESS_WIFI_STATE,android.permission.ACCESS_FINE_LOCATION,android.permission.READ_EXTERNAL_STORAGE,com.google.android.c2dm.permission.RECEIVE,android.permission.WAKE_LOCK,android.permission.ACCESS_COARSE_LOCATION,android.permission.INTERNET,android.permission.FOREGROUND_SERVICE,com.google.android.finsky.permission.BIND_GET_INSTALL_REFERRER_SERVICE,android.permission.VIBRATE,com.google.android.gms.permission.AD_ID,android.permission.ACCESS_NETWORK_STATE,android.permission.RECEIVE_BOOT_COMPLETED,com.android.vending.BILLING,,,,,,,,,,,,,,,,,,,,,,,,,,,,,,,,,,,,,,,,,,,,,,,,,,,,
30秒ドローイング - SPEEDRAW,jp.creemo.SpeedDrawing,アート＆デザイン,"50,000+",SPEEDRAW_1.3_Apkpure.apk,android.permission.WAKE_LOCK,android.permission.INTERNET,android.permission.FOREGROUND_SERVICE,com.google.android.gms.permission.AD_ID,android.permission.ACCESS_NETWORK_STATE,android.permission.RECEIVE_BOOT_COMPLETED,com.android.vending.BILLING,,,,,,,,,,,,,,,,,,,,,,,,,,,,,,,,,,,,,,,,,,,,,,,,,,,,,,,,,,,,
33の言語を学習する - Mondly,com.atistudios.mondly.languages,教育,"10,000,000+",Learn 33 Languages - Mondly_8.9.7_Apkpure.apk,com.huawei.android.launcher.permission.READ_SETTINGS,com.huawei.android.launcher.permission.CHANGE_BADGE,android.permission.READ_APP_BADGE,com.atistudios.mondly.languages.BIND_GET_INSTALL_REFERRER_SERVICE,com.majeur.launcher.permission.UPDATE_BADGE,android.permission.BLUETOOTH,android.permission.INTERNET,com.oppo.launcher.permission.WRITE_SETTINGS,android.permission.FOREGROUND_SERVICE,me.everything.badger.permission.BADGE_COUNT_WRITE,com.anddoes.launcher.permission.UPDATE_COUNT,android.permission.WRITE_EXTERNAL_STORAGE,com.google.android.c2dm.permission.RECEIVE,me.everything.badger.permission.BADGE_COUNT_READ,android.permission.WAKE_LOCK,com.huawei.android.launcher.permission.WRITE_SETTINGS,com.singular.preinstall.READ_PERMISSION_SINGULAR,android.permission.VIBRATE,com.google.android.finsky.permission.BIND_GET_INSTALL_REFERRER_SERVICE,android.permission.ACCESS_NETWORK_STATE,com.htc.launcher.permission.READ_SETTINGS,android.permission.RECEIVE_BOOT_COMPLETED,com.sonymobile.home.permission.PROVIDER_INSERT_BADGE,android.permission.POST_NOTIFICATIONS,android.permission.ACCESS_WIFI_STATE,com.sec.android.provider.badge.permission.READ,com.oppo.launcher.permission.READ_SETTINGS,android.permission.MODIFY_AUDIO_SETTINGS,com.atistudios.mondly.languages.permission.C2D_MESSAGE,com.google.android.gms.permission.AD_ID,android.permission.READ_EXTERNAL_STORAGE,com.android.vending.BILLING,com.android.vending.CHECK_LICENSE,com.atistudios.mondly.languages.DYNAMIC_RECEIVER_NOT_EXPORTED_PERMISSION,com.htc.launcher.permission.UPDATE_SHORTCUT,com.sonyericsson.home.permission.BROADCAST_BADGE,android.permission.RECORD_AUDIO,com.sec.android.provider.badge.permission.WRITE,android.permission.SCHEDULE_EXACT_ALARM,,,,,,,,,,,,,,,,,,,,,,,,,,,,
4books: audiolibri e podcasts,it.fourbooks.app,教育,"500,000+",/mnt/c/users/ryutaro/downloads/it.fourbooks.app.apk,android.permission.POST_NOTIFICATIONS,android.permission.WRITE_EXTERNAL_STORAGE,android.permission.READ_MEDIA_IMAGES,android.permission.ACCESS_WIFI_STATE,android.permission.READ_EXTERNAL_STORAGE,com.google.android.c2dm.permission.RECEIVE,it.fourbooks.app.DYNAMIC_RECEIVER_NOT_EXPORTED_PERMISSION,android.permission.WAKE_LOCK,android.permission.READ_PHONE_STATE,android.permission.MODIFY_AUDIO_SETTINGS,android.permission.READ_MEDIA_AUDIO,android.permission.INTERNET,android.permission.FOREGROUND_SERVICE,com.google.android.gms.permission.AD_ID,com.google.android.finsky.permission.BIND_GET_INSTALL_REFERRER_SERVICE,android.permission.ACCESS_NETWORK_STATE,android.permission.RECEIVE_BOOT_COMPLETED,com.android.vending.BILLING,,,,,,,,,,,,,,,,,,,,,,,,,,,,,,,,,,,,,,,,,,,,,,,,,
4ストローク機関教育用VR3D,com.rendernet.ottoengine,教育,"1,000,000+",Four-stroke Otto engine 3D_1.98_Apkpure.apk,android.permission.CAMERA,android.permission.INTERNET,android.permission.ACCESS_NETWORK_STATE,android.permission.WAKE_LOCK,,,,,,,,,,,,,,,,,,,,,,,,,,,,,,,,,,,,,,,,,,,,,,,,,,,,,,,,,,,,,,,
7Mind Meditation & Achtsamkeit,de.sevenmind.android,健康＆フィットネス,"1,000,000+",7Mind_ Meditation reinvented_2.70.0_Apkpure.apk,android.permission.POST_NOTIFICATIONS,android.permission.WRITE_EXTERNAL_STORAGE,android.permission.ACCESS_WIFI_STATE,android.permission.READ_EXTERNAL_STORAGE,com.google.android.c2dm.permission.RECEIVE,android.permission.WAKE_LOCK,android.permission.READ_PHONE_STATE,android.permission.INTERNET,android.permission.FOREGROUND_SERVICE,com.google.android.finsky.permission.BIND_GET_INSTALL_REFERRER_SERVICE,android.permission.SCHEDULE_EXACT_ALARM,com.google.android.gms.permission.AD_ID,android.permission.ACCESS_NETWORK_STATE,android.permission.RECEIVE_BOOT_COMPLETED,com.android.vending.BILLING,,,,,,,,,,,,,,,,,,,,,,,,,,,,,,,,,,,,,,,,,,,,,,,,,,,,
7sGoodー次世代動画ショッピング,com.hhodata.android.hhostore,ショッピング,"100,000+",/mnt/c/users/ryutaro/downloads/com.hhodata.android.hhostore.apk,android.permission.WRITE_EXTERNAL_STORAGE,android.permission.ACCESS_WIFI_STATE,android.permission.READ_EXTERNAL_STORAGE,com.google.android.c2dm.permission.RECEIVE,android.permission.WAKE_LOCK,android.permission.CAMERA,android.permission.CHANGE_WIFI_STATE,android.permission.INTERNET,android.permission.FOREGROUND_SERVICE,com.google.android.finsky.permission.BIND_GET_INSTALL_REFERRER_SERVICE,android.permission.VIBRATE,com.google.android.gms.permission.AD_ID,android.permission.ACCESS_NETWORK_STATE,android.permission.RECEIVE_BOOT_COMPLETED,,,,,,,,,,,,,,,,,,,,,,,,,,,,,,,,,,,,,,,,,,,,,,,,,,,,,
7分フィットネス 【無料ダイエット 体重管理】,com.popularapp.sevenmins,健康＆フィットネス,"10,000,000+",7 Minute Workout_1.363.125_Apkpure.apk,android.permission.WRITE_EXTERNAL_STORAGE,android.permission.GET_ACCOUNTS,android.permission.READ_EXTERNAL_STORAGE,android.permission.WAKE_LOCK,android.permission.INTERNET,android.permission.FOREGROUND_SERVICE,com.google.android.gms.permission.AD_ID,android.permission.VIBRATE,com.google.android.finsky.permission.BIND_GET_INSTALL_REFERRER_SERVICE,android.permission.SCHEDULE_EXACT_ALARM,android.permission.ACCESS_NETWORK_STATE,android.permission.RECEIVE_BOOT_COMPLETED,,,,,,,,,,,,,,,,,,,,,,,,,,,,,,,,,,,,,,,,,,,,,,,,,,,,,,,
8fit - ワークアウトと食事のプランナー,com.eightfit.app,健康＆フィットネス,"10,000,000+",8fit Workouts & Meal Planner_23.01.0_Apkpure.apk,com.android.vending.CHECK_LICENSE,android.permission.WRITE_EXTERNAL_STORAGE,android.permission.POST_NOTIFICATIONS,android.permission.ACCESS_WIFI_STATE,android.permission.WRITE_CALENDAR,android.permission.READ_EXTERNAL_STORAGE,android.permission.READ_CALENDAR,com.google.android.c2dm.permission.RECEIVE,android.permission.WAKE_LOCK,android.permission.CAMERA,android.permission.INTERNET,com.google.android.finsky.permission.BIND_GET_INSTALL_REFERRER_SERVICE,android.permission.VIBRATE,com.google.android.gms.permission.AD_ID,android.permission.ACCESS_NETWORK_STATE,com.android.vending.BILLING,,,,,,,,,,,,,,,,,,,,,,,,,,,,,,,,,,,,,,,,,,,,,,,,,,,
ABEMA（アベマ）テレビやアニメ等の動画配信アプリ,tv.abema,動画プレーヤー＆エディタ,"10,000,000+",ABEMA（アベマ）テレビやアニメ等の動画配信アプリ_10.32.0_Apkpure.apk,android.permission.POST_NOTIFICATIONS,com.google.android.c2dm.permission.RECEIVE,android.permission.WAKE_LOCK,android.permission.SYSTEM_ALERT_WINDOW,tv.abema.DYNAMIC_RECEIVER_NOT_EXPORTED_PERMISSION,android.permission.INTERNET,android.permission.FOREGROUND_SERVICE,com.google.android.gms.permission.AD_ID,android.permission.VIBRATE,com.google.android.finsky.permission.BIND_GET_INSTALL_REFERRER_SERVICE,android.permission.SCHEDULE_EXACT_ALARM,android.permission.ACCESS_NETWORK_STATE,android.permission.RECEIVE_BOOT_COMPLETED,com.android.vending.BILLING,,,,,,,,,,,,,,,,,,,,,,,,,,,,,,,,,,,,,,,,,,,,,,,,,,,,,
AHAビデオチャット&ビデオ通話,live.aha.n,ソーシャルネットワーク,"5,000,000+",AHA Live Random Video Chat_2.11_Apkpure.apk,com.huawei.android.launcher.permission.READ_SETTINGS,com.huawei.android.launcher.permission.CHANGE_BADGE,android.permission.READ_APP_BADGE,android.permission.READ_MEDIA_VIDEO,com.majeur.launcher.permission.UPDATE_BADGE,android.permission.READ_MEDIA_AUDIO,android.permission.CAMERA,android.permission.BLUETOOTH,android.permission.INTERNET,com.oppo.launcher.permission.WRITE_SETTINGS,android.permission.FOREGROUND_SERVICE,android.permission.USE_CREDENTIALS,me.everything.badger.permission.BADGE_COUNT_WRITE,com.anddoes.launcher.permission.UPDATE_COUNT,android.permission.WRITE_EXTERNAL_STORAGE,com.google.android.c2dm.permission.RECEIVE,me.everything.badger.permission.BADGE_COUNT_READ,android.permission.WAKE_LOCK,com.huawei.android.launcher.permission.WRITE_SETTINGS,android.permission.VIBRATE,com.google.android.finsky.permission.BIND_GET_INSTALL_REFERRER_SERVICE,android.permission.ACCESS_NETWORK_STATE,com.htc.launcher.permission.READ_SETTINGS,android.permission.RECEIVE_BOOT_COMPLETED,com.sonymobile.home.permission.PROVIDER_INSERT_BADGE,android.permission.POST_NOTIFICATIONS,com.sec.android.provider.badge.permission.READ,com.oppo.launcher.permission.READ_SETTINGS,android.permission.MODIFY_AUDIO_SETTINGS,com.google.android.gms.permission.AD_ID,android.permission.READ_EXTERNAL_STORAGE,com.android.vending.BILLING,android.permission.READ_MEDIA_IMAGES,live.aha.n.DYNAMIC_RECEIVER_NOT_EXPORTED_PERMISSION,com.htc.launcher.permission.UPDATE_SHORTCUT,com.android.launcher.permission.INSTALL_SHORTCUT,com.sonyericsson.home.permission.BROADCAST_BADGE,com.google.android.providers.gsf.permission.READ_GSERVICES,android.permission.RECORD_AUDIO,com.sec.android.provider.badge.permission.WRITE,,,,,,,,,,,,,,,,,,,,,,,,,,,
AI ARTA: Art & Photo Generator,ai.generated.art.maker.image.picture.photo.generator.painting,アート＆デザイン,"1,000,000+",AI ARTA_ Art & Photo Generator_2.14.5_Apkpure.apk,ai.generated.art.maker.image.picture.photo.generator.painting.DYNAMIC_RECEIVER_NOT_EXPORTED_PERMISSION,android.permission.WRITE_EXTERNAL_STORAGE,android.permission.READ_MEDIA_IMAGES,android.permission.ACCESS_WIFI_STATE,android.permission.POST_NOTIFICATIONS,android.permission.READ_EXTERNAL_STORAGE,com.google.android.c2dm.permission.RECEIVE,android.permission.WAKE_LOCK,android.permission.CAMERA,android.permission.INTERNET,com.google.android.finsky.permission.BIND_GET_INSTALL_REFERRER_SERVICE,android.permission.FOREGROUND_SERVICE,android.permission.SCHEDULE_EXACT_ALARM,com.applovin.array.apphub.permission.BIND_APPHUB_SERVICE,com.google.android.gms.permission.AD_ID,android.permission.ACCESS_NETWORK_STATE,android.permission.RECEIVE_BOOT_COMPLETED,com.android.vending.BILLING,,,,,,,,,,,,,,,,,,,,,,,,,,,,,,,,,,,,,,,,,,,,,,,,,
AI LingoChamp-AIの先生と英語/日本語/韓国語,com.laix.lingochamp,教育,"500,000+",/mnt/c/users/ryutaro/downloads/com.laix.lingochamp.apk,android.permission.BLUETOOTH,android.permission.INTERNET,android.permission.FOREGROUND_SERVICE,android.permission.WRITE_EXTERNAL_STORAGE,com.google.android.c2dm.permission.RECEIVE,android.permission.WAKE_LOCK,android.permission.VIBRATE,com.google.android.finsky.permission.BIND_GET_INSTALL_REFERRER_SERVICE,android.permission.ACCESS_NETWORK_STATE,android.permission.RECEIVE_BOOT_COMPLETED,android.permission.POST_NOTIFICATIONS,android.permission.ACCESS_WIFI_STATE,android.permission.MODIFY_AUDIO_SETTINGS,com.google.android.gms.permission.AD_ID,android.permission.READ_EXTERNAL_STORAGE,com.android.vending.BILLING,android.permission.RECORD_AUDIO,android.permission.READ_PRIVILEGED_PHONE_STATE,android.permission.SCHEDULE_EXACT_ALARM,,,,,,,,,,,,,,,,,,,,,,,,,,,,,,,,,,,,,,,,,,,,,,,,
AI イラスト・AIお絵かき- UniDream,com.hugelettuce.unidream.ai.drawing,アート＆デザイン,"50,000+",AI Art Generator - UniDream_1.5.1_Apkpure.apk,android.permission.RECEIVE_BOOT_COMPLETED,android.permission.WRITE_EXTERNAL_STORAGE,android.permission.ACCESS_WIFI_STATE,android.permission.ACCESS_NETWORK_STATE,android.permission.WRITE_CALENDAR,android.permission.READ_CALENDAR,android.permission.WAKE_LOCK,android.permission.READ_PHONE_STATE,android.permission.INTERNET,android.permission.CHANGE_NETWORK_STATE,android.permission.FOREGROUND_SERVICE,com.google.android.gms.permission.AD_ID,android.permission.VIBRATE,com.google.android.finsky.permission.BIND_GET_INSTALL_REFERRER_SERVICE,android.permission.READ_EXTERNAL_STORAGE,android.permission.SYSTEM_ALERT_WINDOW,com.android.vending.BILLING,,,,,,,,,,,,,,,,,,,,,,,,,,,,,,,,,,,,,,,,,,,,,,,,,,
ANA,jp.co.ana.android.tabidachi,旅行＆地域,"1,000,000+",Ana Vodafone_2023.6.2_Apkpure.apk,android.permission.ACCESS_FINE_LOCATION,android.permission.CAMERA,android.permission.INTERNET,android.permission.FOREGROUND_SERVICE,android.permission.READ_NETWORK_USAGE_HISTORY,android.permission.WRITE_EXTERNAL_STORAGE,com.google.android.c2dm.permission.RECEIVE,android.permission.READ_CONTACTS,android.permission.WAKE_LOCK,android.permission.ACCESS_COARSE_LOCATION,android.permission.READ_LOGS,android.permission.VIBRATE,com.google.android.finsky.permission.BIND_GET_INSTALL_REFERRER_SERVICE,android.permission.ACCESS_NETWORK_STATE,android.permission.RECEIVE_BOOT_COMPLETED,android.permission.SYSTEM_ALERT_WINDOW,android.permission.READ_PHONE_NUMBERS,android.permission.POST_NOTIFICATIONS,android.permission.ACCESS_WIFI_STATE,android.permission.READ_PHONE_STATE,com.google.android.gms.permission.AD_ID,android.permission.READ_EXTERNAL_STORAGE,com.your.package.permission.C2D_MESSAGE,android.permission.PACKAGE_USAGE_STATS,android.permission.RECORD_AUDIO,android.permission.ACCESS_BACKGROUND_LOCATION,com.huawei.appmarket.service.commondata.permission.GET_COMMON_DATA,,,,,,,,,,,,,,,,,,,,,,,,,,,,,,,,,,,,,,,,
ANTON: Curriculum & Homeschool,com.solocode.anton,教育,"5,000,000+",ANTON_ Curriculum & Homeschool_1.9.11_Apkpure.apk,com.huawei.android.launcher.permission.READ_SETTINGS,com.huawei.android.launcher.permission.CHANGE_BADGE,android.permission.READ_APP_BADGE,com.majeur.launcher.permission.UPDATE_BADGE,android.permission.CAMERA,android.permission.INTERNET,com.oppo.launcher.permission.WRITE_SETTINGS,android.permission.FOREGROUND_SERVICE,com.solocode.anton.permission.PushHandlerActivity,com.anddoes.launcher.permission.UPDATE_COUNT,android.permission.WRITE_EXTERNAL_STORAGE,com.google.android.c2dm.permission.RECEIVE,android.permission.WAKE_LOCK,com.huawei.android.launcher.permission.WRITE_SETTINGS,android.permission.VIBRATE,com.google.android.finsky.permission.BIND_GET_INSTALL_REFERRER_SERVICE,com.htc.launcher.permission.READ_SETTINGS,android.permission.ACCESS_NETWORK_STATE,com.sonymobile.home.permission.PROVIDER_INSERT_BADGE,com.sec.android.provider.badge.permission.READ,com.oppo.launcher.permission.READ_SETTINGS,com.android.vending.BILLING,com.solocode.anton.permission.C2D_MESSAGE,com.htc.launcher.permission.UPDATE_SHORTCUT,com.sonyericsson.home.permission.BROADCAST_BADGE,com.sec.android.provider.badge.permission.WRITE,,,,,,,,,,,,,,,,,,,,,,,,,,,,,,,,,,,,,,,,,
AOS Cloud 写真も動画もクラウドバックアップ,com.aos.aosboxpro,ツール,"100,000+",AOS Cloud 写真も動画もクラウドバックアップ_6.4.1.308_Apkpure.apk,android.permission.GET_ACCOUNTS,android.permission.READ_PROFILE,android.permission.WRITE_SETTINGS,android.permission.RECEIVE_SMS,android.permission.MANAGE_EXTERNAL_STORAGE,com.majeur.launcher.permission.UPDATE_BADGE,android.permission.INTERNET,android.permission.FOREGROUND_SERVICE,com.anddoes.launcher.permission.UPDATE_COUNT,android.permission.WRITE_EXTERNAL_STORAGE,com.google.android.c2dm.permission.RECEIVE,android.permission.READ_CONTACTS,android.permission.WAKE_LOCK,com.android.browser.permission.WRITE_HISTORY_BOOKMARKS,android.permission.ACCESS_COARSE_LOCATION,com.google.android.finsky.permission.BIND_GET_INSTALL_REFERRER_SERVICE,android.permission.ACCESS_NETWORK_STATE,com.htc.launcher.permission.READ_SETTINGS,android.permission.RECEIVE_BOOT_COMPLETED,android.permission.POST_NOTIFICATIONS,android.permission.ACCESS_WIFI_STATE,android.permission.WRITE_SMS,android.permission.WRITE_CALENDAR,com.sec.android.provider.badge.permission.READ,android.permission.SET_WALLPAPER,android.permission.READ_PHONE_STATE,android.permission.WRITE_CONTACTS,android.permission.READ_SMS,android.permission.CHANGE_WIFI_STATE,android.permission.REQUEST_IGNORE_BATTERY_OPTIMIZATIONS,android.permission.READ_EXTERNAL_STORAGE,com.google.android.gms.permission.AD_ID,com.android.vending.BILLING,com.htc.launcher.permission.UPDATE_SHORTCUT,android.permission.READ_CALENDAR,com.sonyericsson.home.permission.BROADCAST_BADGE,android.permission.WRITE_CALL_LOG,com.sec.android.provider.badge.permission.WRITE,com.android.browser.permission.READ_HISTORY_BOOKMARKS,android.permission.READ_CALL_LOG,android.permission.BATTERY_STATS,,,,,,,,,,,,,,,,,,,,,,,,,,
ARD Audiothek,de.ard.audiothek,音楽＆オーディオ,"1,000,000+",/mnt/c/users/ryutaro/downloads/de.ard.audiothek.apk,com.huawei.android.launcher.permission.READ_SETTINGS,com.huawei.android.launcher.permission.CHANGE_BADGE,android.permission.READ_APP_BADGE,com.majeur.launcher.permission.UPDATE_BADGE,android.permission.INTERNET,com.oppo.launcher.permission.WRITE_SETTINGS,android.permission.FOREGROUND_SERVICE,me.everything.badger.permission.BADGE_COUNT_WRITE,com.anddoes.launcher.permission.UPDATE_COUNT,android.permission.WRITE_EXTERNAL_STORAGE,com.google.android.c2dm.permission.RECEIVE,me.everything.badger.permission.BADGE_COUNT_READ,android.permission.WAKE_LOCK,com.huawei.android.launcher.permission.WRITE_SETTINGS,android.permission.VIBRATE,com.htc.launcher.permission.READ_SETTINGS,android.permission.ACCESS_NETWORK_STATE,android.permission.RECEIVE_BOOT_COMPLETED,com.sonymobile.home.permission.PROVIDER_INSERT_BADGE,android.permission.POST_NOTIFICATIONS,com.sec.android.provider.badge.permission.READ,com.oppo.launcher.permission.READ_SETTINGS,de.ard.audiothek.DYNAMIC_RECEIVER_NOT_EXPORTED_PERMISSION,android.permission.READ_EXTERNAL_STORAGE,com.htc.launcher.permission.UPDATE_SHORTCUT,com.android.launcher.permission.INSTALL_SHORTCUT,com.sonyericsson.home.permission.BROADCAST_BADGE,de.ard.audiothek.permission.C2D_MESSAGE,com.sec.android.provider.badge.permission.WRITE,,,,,,,,,,,,,,,,,,,,,,,,,,,,,,,,,,,,,,
ARD Mediathek,de.swr.avp.ard.tv,動画プレーヤー＆エディタ,"1,000,000+",ARD Mediathek_10.4.0_Apkpure.apk,android.permission.WAKE_LOCK,android.permission.INTERNET,android.permission.FOREGROUND_SERVICE,com.google.android.finsky.permission.BIND_GET_INSTALL_REFERRER_SERVICE,de.swr.avp.ard.DYNAMIC_RECEIVER_NOT_EXPORTED_PERMISSION,com.google.android.gms.permission.AD_ID,android.permission.ACCESS_NETWORK_STATE,android.permission.RECEIVE_BOOT_COMPLETED,,,,,,,,,,,,,,,,,,,,,,,,,,,,,,,,,,,,,,,,,,,,,,,,,,,,,,,,,,,
ASTROファイルマネージャー：ストレージ・クラウド容量管理,com.metago.astro,ツール,"50,000,000+",ASTRO File Manager & Cleaner_8.12.0_Apkpure.apk,android.permission.GET_ACCOUNTS,android.permission.WRITE_SETTINGS,android.permission.READ_MEDIA_VIDEO,android.permission.RESTART_PACKAGES,android.permission.MANAGE_EXTERNAL_STORAGE,android.permission.READ_MEDIA_AUDIO,android.permission.INTERNET,android.permission.FOREGROUND_SERVICE,android.permission.REQUEST_DELETE_PACKAGES,android.permission.KILL_BACKGROUND_PROCESSES,android.permission.USE_CREDENTIALS,android.permission.QUERY_ALL_PACKAGES,com.metago.astro.DYNAMIC_RECEIVER_NOT_EXPORTED_PERMISSION,android.permission.WRITE_EXTERNAL_STORAGE,com.google.android.c2dm.permission.RECEIVE,android.permission.WAKE_LOCK,android.permission.WRITE_MEDIA_STORAGE,com.google.android.finsky.permission.BIND_GET_INSTALL_REFERRER_SERVICE,android.permission.ACCESS_NETWORK_STATE,android.permission.RECEIVE_BOOT_COMPLETED,android.permission.POST_NOTIFICATIONS,android.permission.ACCESS_WIFI_STATE,com.android.launcher.permission.WRITE_SETTINGS,android.permission.SET_WALLPAPER,android.permission.USE_BIOMETRIC,android.permission.REQUEST_INSTALL_PACKAGES,com.google.android.gms.permission.AD_ID,android.permission.READ_EXTERNAL_STORAGE,com.android.launcher.permission.READ_SETTINGS,android.permission.READ_MEDIA_IMAGES,com.android.launcher.permission.INSTALL_SHORTCUT,android.permission.USE_FINGERPRINT,android.permission.PACKAGE_USAGE_STATS,android.permission.GET_TASKS,,,,,,,,,,,,,,,,,,,,,,,,,,,,,,,,,
AVG - ウイルス対策アプリ スマホセキュリティ,com.antivirus,ツール,"100,000,000+",AVG AntiVirus & Security_23.3.2_Apkpure.apk,android.permission.DISABLE_KEYGUARD,android.permission.GET_ACCOUNTS,android.permission.ACCESS_FINE_LOCATION,android.permission.WRITE_SETTINGS,android.permission.MANAGE_EXTERNAL_STORAGE,com.avast.android.vpn.avg.STATE_INFORMER_SERVICE,android.permission.INTERNET,android.permission.REQUEST_DELETE_PACKAGES,android.permission.FOREGROUND_SERVICE,android.permission.AUTHENTICATE_ACCOUNTS,android.permission.KILL_BACKGROUND_PROCESSES,android.permission.QUERY_ALL_PACKAGES,android.permission.CLEAR_APP_CACHE,android.permission.MANAGE_ACCOUNTS,android.permission.WRITE_EXTERNAL_STORAGE,com.google.android.c2dm.permission.RECEIVE,com.avast.android.account.avg.ACCOUNT_PERMISSION,android.permission.WAKE_LOCK,com.antivirus.DYNAMIC_RECEIVER_NOT_EXPORTED_PERMISSION,android.permission.BROADCAST_CLOSE_SYSTEM_DIALOGS,android.permission.ACCESS_COARSE_LOCATION,com.google.android.finsky.permission.BIND_GET_INSTALL_REFERRER_SERVICE,android.permission.ACCESS_NETWORK_STATE,android.permission.RECEIVE_BOOT_COMPLETED,android.permission.SYSTEM_ALERT_WINDOW,android.permission.EXPAND_STATUS_BAR,android.permission.POST_NOTIFICATIONS,android.permission.ACCESS_WIFI_STATE,android.permission.READ_PHONE_STATE,android.permission.GET_PACKAGE_SIZE,com.avast.android.feed.avg.CACHE_PERMISSION,com.google.android.gms.permission.AD_ID,android.permission.READ_EXTERNAL_STORAGE,com.android.vending.BILLING,android.permission.USE_FULL_SCREEN_INTENT,android.permission.USE_FINGERPRINT,android.permission.PACKAGE_USAGE_STATS,com.avast.android.applocker.avg.TEMPORARY_DISABLE,android.permission.ACCESS_BACKGROUND_LOCATION,android.permission.BATTERY_STATS,android.permission.GET_TASKS,,,,,,,,,,,,,,,,,,,,,,,,,,
AVG Cleaner Lite,com.s.cleaner,仕事効率化,"5,000,000+",/mnt/c/users/ryutaro/downloads/com.s.cleaner.apk,android.permission.GET_ACCOUNTS,android.permission.ACCESS_FINE_LOCATION,android.permission.WRITE_SETTINGS,android.permission.MANAGE_EXTERNAL_STORAGE,android.permission.BLUETOOTH,android.permission.INTERNET,android.permission.FOREGROUND_SERVICE,android.permission.BLUETOOTH_ADMIN,android.permission.REQUEST_DELETE_PACKAGES,android.permission.KILL_BACKGROUND_PROCESSES,android.permission.QUERY_ALL_PACKAGES,android.permission.AUTHENTICATE_ACCOUNTS,android.permission.USE_CREDENTIALS,android.permission.MANAGE_ACCOUNTS,android.permission.WRITE_EXTERNAL_STORAGE,android.permission.ACCESS_NOTIFICATION_POLICY,com.google.android.c2dm.permission.RECEIVE,com.avast.android.account.avg.ACCOUNT_PERMISSION,android.permission.WAKE_LOCK,android.permission.ACCESS_COARSE_LOCATION,android.permission.CHANGE_NETWORK_STATE,android.permission.VIBRATE,android.permission.WRITE_SYNC_SETTINGS,com.google.android.finsky.permission.BIND_GET_INSTALL_REFERRER_SERVICE,android.permission.ACCESS_NETWORK_STATE,android.permission.RECEIVE_BOOT_COMPLETED,android.permission.SYSTEM_ALERT_WINDOW,android.permission.POST_NOTIFICATIONS,android.permission.ACCESS_WIFI_STATE,android.permission.READ_PHONE_STATE,com.s.cleaner.DYNAMIC_RECEIVER_NOT_EXPORTED_PERMISSION,android.permission.GET_PACKAGE_SIZE,android.permission.CHANGE_WIFI_STATE,android.permission.READ_EXTERNAL_STORAGE,com.google.android.gms.permission.AD_ID,android.permission.BLUETOOTH_CONNECT,com.android.vending.BILLING,com.android.launcher.permission.INSTALL_SHORTCUT,android.permission.READ_SYNC_SETTINGS,android.permission.PACKAGE_USAGE_STATS,com.avast.android.applocker.avg.TEMPORARY_DISABLE,android.permission.ACCESS_BACKGROUND_LOCATION,,,,,,,,,,,,,,,,,,,,,,,,,
AVG Secure VPN – 無制限セキュア VPN,com.avg.android.vpn,ツール,"5,000,000+",AVG Secure VPN Proxy & Privacy_2.61.6464_Apkpure.apk,android.permission.GET_ACCOUNTS,android.permission.ACCESS_FINE_LOCATION,android.permission.INTERNET,android.permission.AUTHENTICATE_ACCOUNTS,android.permission.FOREGROUND_SERVICE,android.permission.USE_CREDENTIALS,android.permission.QUERY_ALL_PACKAGES,android.permission.MANAGE_ACCOUNTS,com.google.android.c2dm.permission.RECEIVE,com.avast.android.account.avg.ACCOUNT_PERMISSION,android.permission.WAKE_LOCK,android.permission.ACCESS_COARSE_LOCATION,com.google.android.finsky.permission.BIND_GET_INSTALL_REFERRER_SERVICE,android.permission.ACCESS_NETWORK_STATE,android.permission.RECEIVE_BOOT_COMPLETED,android.permission.POST_NOTIFICATIONS,android.permission.ACCESS_WIFI_STATE,com.google.android.gms.permission.AD_ID,android.permission.CHANGE_WIFI_STATE,com.android.vending.BILLING,android.permission.ACCESS_BACKGROUND_LOCATION,,,,,,,,,,,,,,,,,,,,,,,,,,,,,,,,,,,,,,,,,,,,,,
AVG クリーナー,com.avg.cleaner,仕事効率化,"50,000,000+",/mnt/c/users/ryutaro/downloads/com.s.antivirus.apk,android.permission.GET_ACCOUNTS,android.permission.ACCESS_FINE_LOCATION,android.permission.MANAGE_EXTERNAL_STORAGE,android.permission.INTERNET,android.permission.FOREGROUND_SERVICE,android.permission.REQUEST_DELETE_PACKAGES,com.avast.android.account.avg.ACCOUNT_PERMISSION_V2,android.permission.AUTHENTICATE_ACCOUNTS,android.permission.QUERY_ALL_PACKAGES,android.permission.USE_CREDENTIALS,android.permission.KILL_BACKGROUND_PROCESSES,android.permission.MANAGE_ACCOUNTS,android.permission.WRITE_EXTERNAL_STORAGE,com.google.android.c2dm.permission.RECEIVE,android.permission.WAKE_LOCK,android.permission.ACCESS_COARSE_LOCATION,com.google.android.finsky.permission.BIND_GET_INSTALL_REFERRER_SERVICE,android.permission.ACCESS_NETWORK_STATE,android.permission.RECEIVE_BOOT_COMPLETED,android.permission.SYSTEM_ALERT_WINDOW,android.permission.POST_NOTIFICATIONS,android.permission.ACCESS_WIFI_STATE,com.s.antivirus.DYNAMIC_RECEIVER_NOT_EXPORTED_PERMISSION,android.permission.GET_PACKAGE_SIZE,android.permission.REQUEST_PASSWORD_COMPLEXITY,com.applovin.array.apphub.permission.BIND_APPHUB_SERVICE,com.google.android.gms.permission.AD_ID,android.permission.READ_EXTERNAL_STORAGE,com.android.vending.BILLING,android.permission.USE_FULL_SCREEN_INTENT,android.permission.USE_FINGERPRINT,android.permission.PACKAGE_USAGE_STATS,,,,,,,,,,,,,,,,,,,,,,,,,,,,,,,,,,,
AWS Events,com.mobiquityinc.awsevents,ビジネス,"100,000+",AWS Events_6.9.0_Apkpure.apk,android.permission.WRITE_EXTERNAL_STORAGE,android.permission.READ_MEDIA_IMAGES,android.permission.ACCESS_FINE_LOCATION,android.permission.ACCESS_NETWORK_STATE,android.permission.WRITE_CALENDAR,android.permission.READ_CALENDAR,android.permission.POST_NOTIFICATIONS,com.google.android.c2dm.permission.RECEIVE,android.permission.WAKE_LOCK,android.permission.MODIFY_AUDIO_SETTINGS,android.permission.CAMERA,android.permission.INTERNET,android.permission.ACCESS_COARSE_LOCATION,android.permission.FOREGROUND_SERVICE,android.permission.VIBRATE,com.mobiquityinc.awsevents.DYNAMIC_RECEIVER_NOT_EXPORTED_PERMISSION,android.permission.READ_EXTERNAL_STORAGE,,,,,,,,,,,,,,,,,,,,,,,,,,,,,,,,,,,,,,,,,,,,,,,,,,
AWorld in support of ActNow,app.aworld,ライフスタイル,"100,000+",/mnt/c/users/ryutaro/downloads/app.aworld.apk,android.permission.ACCESS_FINE_LOCATION,com.huawei.android.launcher.permission.CHANGE_BADGE,com.huawei.android.launcher.permission.READ_SETTINGS,android.permission.READ_APP_BADGE,com.majeur.launcher.permission.UPDATE_BADGE,android.permission.CAMERA,android.permission.INTERNET,com.oppo.launcher.permission.WRITE_SETTINGS,android.permission.FOREGROUND_SERVICE,me.everything.badger.permission.BADGE_COUNT_WRITE,com.anddoes.launcher.permission.UPDATE_COUNT,android.permission.WRITE_EXTERNAL_STORAGE,com.google.android.c2dm.permission.RECEIVE,me.everything.badger.permission.BADGE_COUNT_READ,android.permission.WAKE_LOCK,com.huawei.android.launcher.permission.WRITE_SETTINGS,android.permission.ACCESS_COARSE_LOCATION,android.permission.VIBRATE,com.google.android.finsky.permission.BIND_GET_INSTALL_REFERRER_SERVICE,android.permission.ACCESS_NETWORK_STATE,com.htc.launcher.permission.READ_SETTINGS,android.permission.RECEIVE_BOOT_COMPLETED,com.sonymobile.home.permission.PROVIDER_INSERT_BADGE,android.permission.POST_NOTIFICATIONS,android.permission.WRITE_CALENDAR,com.sec.android.provider.badge.permission.READ,com.oppo.launcher.permission.READ_SETTINGS,app.aworld.permission.C2D_MESSAGE,app.aworld.DYNAMIC_RECEIVER_NOT_EXPORTED_PERMISSION,com.google.android.gms.permission.AD_ID,android.permission.READ_EXTERNAL_STORAGE,com.htc.launcher.permission.UPDATE_SHORTCUT,android.permission.READ_CALENDAR,com.sonyericsson.home.permission.BROADCAST_BADGE,com.sec.android.provider.badge.permission.WRITE,android.permission.ACTIVITY_RECOGNITION,,,,,,,,,,,,,,,,,,,,,,,,,,,,,,,
AXS チケット,com.axs.android,エンタメ,"1,000,000+",SRAM AXS_2.7.1_Apkpure.apk,android.permission.ACCESS_FINE_LOCATION,android.permission.BLUETOOTH,android.permission.CAMERA,android.permission.INTERNET,android.permission.FOREGROUND_SERVICE,android.permission.BLUETOOTH_ADMIN,android.permission.WRITE_EXTERNAL_STORAGE,android.permission.BLUETOOTH_SCAN,com.google.android.c2dm.permission.RECEIVE,android.permission.WAKE_LOCK,android.permission.ACCESS_COARSE_LOCATION,android.permission.VIBRATE,com.google.android.finsky.permission.BIND_GET_INSTALL_REFERRER_SERVICE,android.permission.ACCESS_NETWORK_STATE,android.permission.SYSTEM_ALERT_WINDOW,android.permission.POST_NOTIFICATIONS,com.google.android.gms.permission.AD_ID,android.permission.READ_EXTERNAL_STORAGE,android.permission.BLUETOOTH_CONNECT,com.sram.armyknife.DYNAMIC_RECEIVER_NOT_EXPORTED_PERMISSION,,,,,,,,,,,,,,,,,,,,,,,,,,,,,,,,,,,,,,,,,,,,,,,
AccuWeather: ライブ気象レーダー,com.accuweather.android,天気,"100,000,000+",AccuWeather_ Weather Radar_8.11.0-24-google_Apkpure.apk,android.permission.POST_NOTIFICATIONS,android.permission.ACCESS_FINE_LOCATION,android.permission.ACCESS_WIFI_STATE,com.google.android.c2dm.permission.RECEIVE,com.accuweather.android.DYNAMIC_RECEIVER_NOT_EXPORTED_PERMISSION,android.permission.WAKE_LOCK,android.permission.READ_PHONE_STATE,android.permission.ACCESS_BACKGROUND_LOCATION,android.permission.INTERNET,android.permission.ACCESS_COARSE_LOCATION,android.permission.FOREGROUND_SERVICE,com.google.android.finsky.permission.BIND_GET_INSTALL_REFERRER_SERVICE,android.permission.VIBRATE,com.google.android.gms.permission.AD_ID,android.permission.ACCESS_NETWORK_STATE,com.android.vending.BILLING,,,,,,,,,,,,,,,,,,,,,,,,,,,,,,,,,,,,,,,,,,,,,,,,,,,
Ace Racer - エースレーサー,com.netease.racerna,レース,"1,000,000+",Ace Racer_30063_Apkpure.apk,android.permission.WRITE_SETTINGS,android.permission.CAMERA,android.permission.BLUETOOTH,android.permission.INTERNET,android.permission.FOREGROUND_SERVICE,android.permission.BLUETOOTH_ADMIN,android.permission.WRITE_EXTERNAL_STORAGE,com.google.android.c2dm.permission.RECEIVE,android.permission.WAKE_LOCK,android.permission.CHANGE_NETWORK_STATE,com.qti.permission.PROFILER,android.permission.VIBRATE,com.netease.tx.permission.C2D_MESSAGE,com.google.android.finsky.permission.BIND_GET_INSTALL_REFERRER_SERVICE,android.permission.ACCESS_NETWORK_STATE,android.permission.SYSTEM_ALERT_WINDOW,android.permission.RECEIVE_BOOT_COMPLETED,android.permission.POST_NOTIFICATIONS,android.permission.ACCESS_WIFI_STATE,android.permission.MODIFY_AUDIO_SETTINGS,android.permission.FLASHLIGHT,android.permission.CHANGE_WIFI_STATE,android.permission.READ_EXTERNAL_STORAGE,com.google.android.gms.permission.AD_ID,com.android.vending.BILLING,android.permission.MOUNT_UNMOUNT_FILESYSTEMS,android.permission.BROADCAST_STICKY,com.netease.racerna.permission.ngpush,android.permission.RECORD_AUDIO,android.permission.GET_TASKS,,,,,,,,,,,,,,,,,,,,,,,,,,,,,,,,,,,,,
Adobe Capture：Ps、Ai用のツール,com.adobe.creativeapps.gather,アート＆デザイン,"5,000,000+","Adobe Capture_ Illustrator,Ps_9.1 (3372)_Apkpure.apk",com.samsung.android.iap.permission.BILLING,android.permission.GET_ACCOUNTS,android.permission.READ_INTERNAL_STORAGE,android.permission.CAMERA,android.permission.INTERNET,android.permission.AUTHENTICATE_ACCOUNTS,android.permission.FOREGROUND_SERVICE,android.permission.USE_CREDENTIALS,android.permission.MANAGE_ACCOUNTS,android.permission.WRITE_EXTERNAL_STORAGE,com.google.android.c2dm.permission.RECEIVE,android.permission.WAKE_LOCK,android.permission.WRITE_INTERNAL_STORAGE,com.google.android.finsky.permission.BIND_GET_INSTALL_REFERRER_SERVICE,android.permission.ACCESS_NETWORK_STATE,android.permission.RECEIVE_BOOT_COMPLETED,android.permission.ACCESS_WIFI_STATE,android.permission.READ_EXTERNAL_STORAGE,com.android.vending.BILLING,android.permission.READ_MEDIA_IMAGES,android.alarm.permission.SET_ALARM,,,,,,,,,,,,,,,,,,,,,,,,,,,,,,,,,,,,,,,,,,,,,,
Adobe Express グラフィックデザインアプリ,com.adobe.spark.post,アート＆デザイン,"10,000,000+",Adobe Express_ Graphic Design_8.17.0_Apkpure.apk,com.samsung.android.iap.permission.BILLING,android.permission.WRITE_EXTERNAL_STORAGE,android.permission.READ_MEDIA_IMAGES,android.permission.ACCESS_WIFI_STATE,android.permission.POST_NOTIFICATIONS,android.permission.READ_EXTERNAL_STORAGE,com.google.android.c2dm.permission.RECEIVE,android.permission.WAKE_LOCK,android.permission.INTERNET,android.permission.FOREGROUND_SERVICE,com.google.android.finsky.permission.BIND_GET_INSTALL_REFERRER_SERVICE,com.google.android.gms.permission.AD_ID,android.permission.ACCESS_NETWORK_STATE,android.permission.RECEIVE_BOOT_COMPLETED,com.android.vending.BILLING,,,,,,,,,,,,,,,,,,,,,,,,,,,,,,,,,,,,,,,,,,,,,,,,,,,,
Adobe Premiere Rush: 動画編集アプリ,com.adobe.premiererush.videoeditor,動画プレーヤー＆エディタ,"1,000,000+",Adobe Premiere Rush_ Video_2.6.0.2378_Apkpure.apk,com.samsung.android.iap.permission.BILLING,android.permission.WRITE_EXTERNAL_STORAGE,android.permission.ACCESS_WIFI_STATE,android.permission.ACCESS_NETWORK_STATE,com.google.android.c2dm.permission.RECEIVE,android.permission.WAKE_LOCK,android.permission.RECORD_AUDIO,android.permission.CAMERA,android.permission.INTERNET,android.permission.FOREGROUND_SERVICE,com.adobe.premiererush.videoeditor.permission.C2D_MESSAGE,android.permission.VIBRATE,com.google.android.finsky.permission.BIND_GET_INSTALL_REFERRER_SERVICE,android.permission.READ_EXTERNAL_STORAGE,android.permission.RECEIVE_BOOT_COMPLETED,com.android.vending.BILLING,,,,,,,,,,,,,,,,,,,,,,,,,,,,,,,,,,,,,,,,,,,,,,,,,,,
Adobe 入力と署名,com.adobe.fas,仕事効率化,"10,000,000+",Adobe Fill & Sign_1.9.2-regular_Apkpure.apk,com.samsung.android.iap.permission.BILLING,android.permission.WRITE_EXTERNAL_STORAGE,android.permission.ACCESS_WIFI_STATE,android.permission.ACCESS_NETWORK_STATE,com.google.android.c2dm.permission.RECEIVE,android.permission.WAKE_LOCK,android.permission.CAMERA,android.permission.INTERNET,android.permission.FOREGROUND_SERVICE,android.permission.AUTHENTICATE_ACCOUNTS,android.permission.USE_CREDENTIALS,com.google.android.finsky.permission.BIND_GET_INSTALL_REFERRER_SERVICE,android.permission.READ_EXTERNAL_STORAGE,android.permission.MANAGE_ACCOUNTS,android.permission.RECEIVE_BOOT_COMPLETED,com.android.vending.BILLING,,,,,,,,,,,,,,,,,,,,,,,,,,,,,,,,,,,,,,,,,,,,,,,,,,,
Air Traffic - フライトトラッカー,eu.flightapps.airtraffic,地図＆ナビ,"5,000,000+",Air Traffic - flight tracker_18.0_Apkpure.apk,android.permission.WAKE_LOCK,com.google.android.providers.gsf.permission.READ_GSERVICES,android.permission.ACCESS_COARSE_LOCATION,android.permission.INTERNET,android.permission.FOREGROUND_SERVICE,android.permission.VIBRATE,com.google.android.gms.permission.AD_ID,android.permission.ACCESS_NETWORK_STATE,,,,,,,,,,,,,,,,,,,,,,,,,,,,,,,,,,,,,,,,,,,,,,,,,,,,,,,,,,,
Airline Commander:  フライトゲーム,it.rortos.realflight,シミュレーション,"10,000,000+",Airline Commander_ Flight Game_1.9.5_Apkpure.apk,com.huawei.android.launcher.permission.READ_SETTINGS,com.huawei.android.launcher.permission.CHANGE_BADGE,android.permission.READ_APP_BADGE,com.majeur.launcher.permission.UPDATE_BADGE,android.permission.INTERNET,com.oppo.launcher.permission.WRITE_SETTINGS,android.permission.FOREGROUND_SERVICE,me.everything.badger.permission.BADGE_COUNT_WRITE,com.anddoes.launcher.permission.UPDATE_COUNT,me.everything.badger.permission.BADGE_COUNT_READ,android.permission.WAKE_LOCK,com.huawei.android.launcher.permission.WRITE_SETTINGS,android.permission.ACCESS_COARSE_LOCATION,android.permission.VIBRATE,com.google.android.finsky.permission.BIND_GET_INSTALL_REFERRER_SERVICE,com.htc.launcher.permission.READ_SETTINGS,android.permission.ACCESS_NETWORK_STATE,it.rortos.realflight.DYNAMIC_RECEIVER_NOT_EXPORTED_PERMISSION,com.sonymobile.home.permission.PROVIDER_INSERT_BADGE,android.permission.ACCESS_WIFI_STATE,com.sec.android.provider.badge.permission.READ,com.oppo.launcher.permission.READ_SETTINGS,com.applovin.array.apphub.permission.BIND_APPHUB_SERVICE,com.google.android.gms.permission.AD_ID,com.android.vending.BILLING,com.htc.launcher.permission.UPDATE_SHORTCUT,com.sonyericsson.home.permission.BROADCAST_BADGE,com.sec.android.provider.badge.permission.WRITE,,,,,,,,,,,,,,,,,,,,,,,,,,,,,,,,,,,,,,,
Ajax Security System,com.ajaxsystems,ツール,"1,000,000+",Ajax Security System_2.28.0_Apkpure.apk,android.permission.ACCESS_FINE_LOCATION,com.majeur.launcher.permission.UPDATE_BADGE,android.permission.BLUETOOTH,android.permission.CAMERA,android.permission.INTERNET,android.permission.FOREGROUND_SERVICE,android.permission.BLUETOOTH_ADMIN,com.anddoes.launcher.permission.UPDATE_COUNT,android.permission.WRITE_EXTERNAL_STORAGE,android.permission.BLUETOOTH_SCAN,com.google.android.c2dm.permission.RECEIVE,android.permission.READ_CONTACTS,android.permission.WAKE_LOCK,android.permission.ACCESS_COARSE_LOCATION,android.permission.VIBRATE,com.google.android.finsky.permission.BIND_GET_INSTALL_REFERRER_SERVICE,android.permission.ACCESS_NETWORK_STATE,com.htc.launcher.permission.READ_SETTINGS,android.permission.RECEIVE_BOOT_COMPLETED,android.permission.ACCESS_WIFI_STATE,com.sec.android.provider.badge.permission.READ,android.permission.MODIFY_AUDIO_SETTINGS,android.permission.USE_BIOMETRIC,android.permission.FLASHLIGHT,android.permission.CHANGE_WIFI_STATE,android.permission.READ_EXTERNAL_STORAGE,com.ajaxsystems.DYNAMIC_RECEIVER_NOT_EXPORTED_PERMISSION,android.permission.BLUETOOTH_CONNECT,com.ajaxsystems.permission.MAPS_RECEIVE,com.htc.launcher.permission.UPDATE_SHORTCUT,android.permission.USE_FINGERPRINT,com.sonyericsson.home.permission.BROADCAST_BADGE,android.permission.RECORD_AUDIO,android.permission.ACCESS_BACKGROUND_LOCATION,com.google.android.providers.gsf.permission.READ_GSERVICES,com.sec.android.provider.badge.permission.WRITE,,,,,,,,,,,,,,,,,,,,,,,,,,,,,,,
AliExpress,com.alibaba.aliexpresshd,ショッピング,"500,000,000+",AliExpress_8.73.5_Apkpure.apk,android.permission.ACCESS_FINE_LOCATION,android.permission.WRITE_SETTINGS,android.permission.CAMERA,android.permission.INTERNET,android.permission.FOREGROUND_SERVICE,android.permission.BLUETOOTH_ADMIN,com.alibaba.aliexpresshd.permission.PROCESS_PUSH_MSG,android.permission.READ_SETTINGS,android.permission.CAPTURE_VIDEO_OUTPUT,android.permission.WRITE_EXTERNAL_STORAGE,com.google.android.c2dm.permission.RECEIVE,android.permission.READ_CONTACTS,android.permission.WAKE_LOCK,android.permission.REORDER_TASKS,android.permission.CHANGE_NETWORK_STATE,android.permission.ACCESS_COARSE_LOCATION,android.permission.VIBRATE,com.android.providers.media.MediaProvider,android.permission.ACCESS_NETWORK_STATE,com.google.android.finsky.permission.BIND_GET_INSTALL_REFERRER_SERVICE,android.permission.RECEIVE_BOOT_COMPLETED,android.permission.SYSTEM_ALERT_WINDOW,cn.org.ifaa.permission.USE_IFAA_MANAGER,android.permission.ACCESS_WIFI_STATE,android.permission.READ_PHONE_STATE,android.permission.MODIFY_AUDIO_SETTINGS,android.permission.FLASHLIGHT,android.permission.CHANGE_WIFI_STATE,android.permission.READ_EXTERNAL_STORAGE,android.permission.USE_FINGERPRINT,com.alibaba.aliexpresshd.permission.PUSH_PROVIDER,com.alibaba.aliexpresshd.permission.MIPUSH_RECEIVE,android.permission.RECORD_AUDIO,android.permission.NFC,android.permission.ACCESS_MEDIA_LOCATION,android.permission.GET_TASKS,android.permission.MANAGE_FINGERPRINT,,,,,,,,,,,,,,,,,,,,,,,,,,,,,,
Alohaブラウザ+ Private VPN,com.aloha.browser,仕事効率化,"10,000,000+",Aloha Browser + Private VPN_4.11.2_Apkpure.apk,android.permission.ACCESS_FINE_LOCATION,android.permission.READ_MEDIA_VIDEO,android.permission.READ_MEDIA_AUDIO,android.permission.CAMERA,android.permission.INTERNET,android.permission.FOREGROUND_SERVICE,android.permission.QUERY_ALL_PACKAGES,android.permission.WRITE_EXTERNAL_STORAGE,com.google.android.c2dm.permission.RECEIVE,android.permission.WAKE_LOCK,android.permission.ACCESS_COARSE_LOCATION,android.permission.CHANGE_NETWORK_STATE,android.permission.VIBRATE,com.aloha.browser.DYNAMIC_RECEIVER_NOT_EXPORTED_PERMISSION,com.google.android.finsky.permission.BIND_GET_INSTALL_REFERRER_SERVICE,android.permission.ACCESS_NETWORK_STATE,android.permission.RECEIVE_BOOT_COMPLETED,android.permission.POST_NOTIFICATIONS,android.permission.ACCESS_WIFI_STATE,android.permission.MODIFY_AUDIO_SETTINGS,android.permission.USE_BIOMETRIC,com.android.launcher.permission.UNINSTALL_SHORTCUT,android.permission.REQUEST_INSTALL_PACKAGES,android.permission.READ_EXTERNAL_STORAGE,com.android.vending.BILLING,android.permission.READ_MEDIA_IMAGES,com.android.launcher.permission.INSTALL_SHORTCUT,android.permission.USE_FINGERPRINT,android.permission.RECORD_AUDIO,,,,,,,,,,,,,,,,,,,,,,,,,,,,,,,,,,,,,,
Amazon Kindle: 電子書籍、マンガ、雑誌,com.amazon.kindle,書籍＆参考書,"100,000,000+",Amazon Kindle_8.81.1.0(1.3.290180.0)_Apkpure.apk,android.permission.ACCESS_FINE_LOCATION,com.amazon.identity.permission.GENERIC_IPC,android.permission.BLUETOOTH,com.amazon.whisperjoin.deviceprovisioningservice.ArcusUpdate.Permission,android.permission.INTERNET,android.permission.AUTHENTICATE_ACCOUNTS,android.permission.FOREGROUND_SERVICE,android.permission.USE_CREDENTIALS,android.permission.BLUETOOTH_ADMIN,android.permission.MANAGE_ACCOUNTS,com.amazon.kindle.otter.settings.RECEIVE_GOODREADS_UNLINK,com.amazon.whisperjoin.deviceprovisioningservice.AllowListPolicyUpdate.Permission,android.permission.WRITE_EXTERNAL_STORAGE,com.amazon.dcp.sso.permission.account.changed,android.permission.BLUETOOTH_SCAN,com.amazon.dcp.sso.permission.AmazonAccountPropertyService.property.changed,com.amazon.identity.permission.CAN_CALL_MAP_INFORMATION_PROVIDER,com.google.android.c2dm.permission.RECEIVE,android.permission.SEND_DOWNLOAD_COMPLETED_INTENTS,com.amazon.dcp.sso.permission.USE_DEVICE_CREDENTIALS,com.amazon.identity.permission.CALL_AMAZON_DEVICE_INFORMATION_PROVIDER,android.permission.WAKE_LOCK,com.amazon.identity.auth.device.perm.AUTH_SDK,android.permission.ACCESS_COARSE_LOCATION,com.amazon.dcp.sso.permission.MANAGE_COR_PFM,com.google.android.finsky.permission.BIND_GET_INSTALL_REFERRER_SERVICE,android.permission.ACCESS_NETWORK_STATE,com.amazon.STORE_ACCESS,android.permission.RECEIVE_BOOT_COMPLETED,android.permission.POST_NOTIFICATIONS,android.permission.ACCESS_WIFI_STATE,com.amazon.dcp.metrics.permission.METRICS_PERMISSION,amazon.permission.COLLECT_METRICS,com.amazon.dcp.messaging.permission.HANDLE_DEVICE_MESSAGE,android.permission.BLUETOOTH_ADVERTISE,com.amazon.whisperjoin.deviceprovisioningservice.FFSServiceAction.permission,android.permission.READ_PHONE_STATE,android.permission.DOWNLOAD_WITHOUT_NOTIFICATION,com.amazon.dcp.config.permission.DYN_CONFIG_VALUES_UPDATED,com.audible.hushpuppy.tablet.permission.COMPANION_MAPPING,com.google.android.gms.permission.AD_ID,android.permission.READ_EXTERNAL_STORAGE,com.amazon.dcp.sso.permission.AMAZON_ACCOUNT_PROPERTY,android.permission.BLUETOOTH_CONNECT,com.amazon.kindle.permission.RECEIVE_ADM_MESSAGE,com.samsung.android.providers.context.permission.WRITE_USE_APP_FEATURE_SURVEY,com.amazon.appmanager.preload.permission.READ_PRELOAD_DEVICE_INFO_PROVIDER,com.amazon.dcp.sso.permission.CUSTOMER_ATTRIBUTE_SERVICE,android.permission.BROADCAST_STICKY,com.amazon.device.messaging.permission.RECEIVE,com.amazon.kindle.socialsharing.PERMISSION_SHARE,android.permission.GET_TASKS,,,,,,,,,,,,,,,
Amazon Music,com.amazon.music.tv,音楽＆オーディオ,"1,000,000+",Amazon Music_ Songs & Podcasts_23.7.1_Apkpure.apk,android.permission.GET_ACCOUNTS,android.permission.ACCESS_FINE_LOCATION,com.amazon.identity.permission.GENERIC_IPC,android.permission.BLUETOOTH,com.amazon.alexa.externalmediaplayer.permission.CONNECT,android.permission.INTERNET,android.permission.FOREGROUND_SERVICE,android.permission.BLUETOOTH_ADMIN,android.permission.USE_CREDENTIALS,android.permission.AUTHENTICATE_ACCOUNTS,android.permission.MANAGE_ACCOUNTS,android.permission.WRITE_EXTERNAL_STORAGE,android.permission.BLUETOOTH_SCAN,com.amazon.dcp.sso.permission.account.changed,com.amazon.mp3.permission.UA_DATA,com.amazon.identity.permission.CAN_CALL_MAP_INFORMATION_PROVIDER,com.google.android.c2dm.permission.RECEIVE,com.amazon.dcp.sso.permission.AmazonAccountPropertyService.property.changed,com.amazon.dcp.sso.permission.USE_DEVICE_CREDENTIALS,android.permission.READ_CONTACTS,android.permission.WAKE_LOCK,com.amazon.mp3.permission.C2D_MESSAGE,com.amazon.identity.auth.device.perm.AUTH_SDK,com.amazon.settings.permission.ALEXA_SETTINGS_CONSUMER,com.amazon.identity.permission.CALL_AMAZON_DEVICE_INFORMATION_PROVIDER,android.permission.CHANGE_NETWORK_STATE,com.amazon.CONTENT_PROVIDER_ACCESS,android.permission.ACCESS_COARSE_LOCATION,android.permission.VIBRATE,com.amazon.dcp.sso.permission.MANAGE_COR_PFM,com.google.android.finsky.permission.BIND_GET_INSTALL_REFERRER_SERVICE,android.permission.ACCESS_NETWORK_STATE,android.permission.RECEIVE_BOOT_COMPLETED,android.permission.POST_NOTIFICATIONS,android.permission.ACCESS_WIFI_STATE,amazon.permission.COLLECT_METRICS,com.amazon.dcp.metrics.permission.METRICS_PERMISSION,android.permission.BLUETOOTH_ADVERTISE,android.permission.READ_PHONE_STATE,com.amazon.CONTENT_NOTIFICATION_ACCESS,com.amazon.dcp.config.permission.DYN_CONFIG_VALUES_UPDATED,com.amazon.music.push.CAN_RECEIVE_CUSTOM_PUSH,android.permission.CHANGE_WIFI_STATE,android.permission.READ_EXTERNAL_STORAGE,com.google.android.gms.permission.AD_ID,android.permission.BLUETOOTH_CONNECT,com.android.vending.BILLING,com.android.vending.CHECK_LICENSE,com.amazon.appmanager.preload.permission.READ_PRELOAD_DEVICE_INFO_PROVIDER,com.amazon.dcp.sso.permission.CUSTOMER_ATTRIBUTE_SERVICE,android.permission.BROADCAST_STICKY,android.permission.RECORD_AUDIO,amazon.speech.permission.SEND_ALEXA_DIRECTIVE,com.amazon.dcp.sso.permission.MANAGE_DEVICE_AND_USER_DATA,,,,,,,,,,,,,
Amazon Music: 音楽やポッドキャストが聴き放題,com.amazon.mp3,音楽＆オーディオ,"100,000,000+",Amazon Music_ Songs & Podcasts_23.7.1_Apkpure.apk,android.permission.GET_ACCOUNTS,android.permission.ACCESS_FINE_LOCATION,com.amazon.identity.permission.GENERIC_IPC,android.permission.BLUETOOTH,com.amazon.alexa.externalmediaplayer.permission.CONNECT,android.permission.INTERNET,android.permission.FOREGROUND_SERVICE,android.permission.BLUETOOTH_ADMIN,android.permission.USE_CREDENTIALS,android.permission.AUTHENTICATE_ACCOUNTS,android.permission.MANAGE_ACCOUNTS,android.permission.WRITE_EXTERNAL_STORAGE,android.permission.BLUETOOTH_SCAN,com.amazon.dcp.sso.permission.account.changed,com.amazon.mp3.permission.UA_DATA,com.amazon.identity.permission.CAN_CALL_MAP_INFORMATION_PROVIDER,com.google.android.c2dm.permission.RECEIVE,com.amazon.dcp.sso.permission.AmazonAccountPropertyService.property.changed,com.amazon.dcp.sso.permission.USE_DEVICE_CREDENTIALS,android.permission.READ_CONTACTS,android.permission.WAKE_LOCK,com.amazon.mp3.permission.C2D_MESSAGE,com.amazon.identity.auth.device.perm.AUTH_SDK,com.amazon.settings.permission.ALEXA_SETTINGS_CONSUMER,com.amazon.identity.permission.CALL_AMAZON_DEVICE_INFORMATION_PROVIDER,android.permission.CHANGE_NETWORK_STATE,com.amazon.CONTENT_PROVIDER_ACCESS,android.permission.ACCESS_COARSE_LOCATION,android.permission.VIBRATE,com.amazon.dcp.sso.permission.MANAGE_COR_PFM,com.google.android.finsky.permission.BIND_GET_INSTALL_REFERRER_SERVICE,android.permission.ACCESS_NETWORK_STATE,android.permission.RECEIVE_BOOT_COMPLETED,android.permission.POST_NOTIFICATIONS,android.permission.ACCESS_WIFI_STATE,amazon.permission.COLLECT_METRICS,com.amazon.dcp.metrics.permission.METRICS_PERMISSION,android.permission.BLUETOOTH_ADVERTISE,android.permission.READ_PHONE_STATE,com.amazon.CONTENT_NOTIFICATION_ACCESS,com.amazon.dcp.config.permission.DYN_CONFIG_VALUES_UPDATED,com.amazon.music.push.CAN_RECEIVE_CUSTOM_PUSH,android.permission.CHANGE_WIFI_STATE,android.permission.READ_EXTERNAL_STORAGE,com.google.android.gms.permission.AD_ID,android.permission.BLUETOOTH_CONNECT,com.android.vending.BILLING,com.android.vending.CHECK_LICENSE,com.amazon.appmanager.preload.permission.READ_PRELOAD_DEVICE_INFO_PROVIDER,com.amazon.dcp.sso.permission.CUSTOMER_ATTRIBUTE_SERVICE,android.permission.BROADCAST_STICKY,android.permission.RECORD_AUDIO,amazon.speech.permission.SEND_ALEXA_DIRECTIVE,com.amazon.dcp.sso.permission.MANAGE_DEVICE_AND_USER_DATA,,,,,,,,,,,,,
Amazon Photos,com.amazon.clouddrive.photos,写真,"50,000,000+",Amazon Photos_2.7.0.538.0-aosp-902039891g_Apkpure.apk,android.permission.GET_ACCOUNTS,com.amazon.identity.permission.GENERIC_IPC,android.permission.INTERNET,android.permission.AUTHENTICATE_ACCOUNTS,android.permission.FOREGROUND_SERVICE,android.permission.USE_CREDENTIALS,android.permission.MANAGE_ACCOUNTS,android.permission.WRITE_EXTERNAL_STORAGE,com.amazon.dcp.sso.permission.AmazonAccountPropertyService.property.changed,com.amazon.dcp.sso.permission.account.changed,com.amazon.identity.permission.CAN_CALL_MAP_INFORMATION_PROVIDER,com.google.android.c2dm.permission.RECEIVE,com.amazon.dcp.sso.permission.USE_DEVICE_CREDENTIALS,android.permission.READ_CONTACTS,android.permission.WAKE_LOCK,com.amazon.identity.auth.device.perm.AUTH_SDK,com.amazon.identity.permission.CALL_AMAZON_DEVICE_INFORMATION_PROVIDER,com.amazon.settings.permission.ALEXA_SETTINGS_CONSUMER,com.amazon.dcp.sso.permission.MANAGE_COR_PFM,com.google.android.finsky.permission.BIND_GET_INSTALL_REFERRER_SERVICE,android.permission.ACCESS_NETWORK_STATE,android.permission.RECEIVE_BOOT_COMPLETED,android.permission.ACCESS_WIFI_STATE,amazon.permission.COLLECT_METRICS,com.amazon.dcp.metrics.permission.METRICS_PERMISSION,android.permission.DOWNLOAD_WITHOUT_NOTIFICATION,com.amazon.dcp.config.permission.DYN_CONFIG_VALUES_UPDATED,com.google.android.gms.permission.AD_ID,android.permission.READ_EXTERNAL_STORAGE,com.android.vending.BILLING,com.amazon.appmanager.preload.permission.READ_PRELOAD_DEVICE_INFO_PROVIDER,com.amazon.dcp.sso.permission.CUSTOMER_ATTRIBUTE_SERVICE,amazon.speech.permission.SEND_ALEXA_DIRECTIVE,android.permission.ACCESS_MEDIA_LOCATION,,,,,,,,,,,,,,,,,,,,,,,,,,,,,,,,,
Amazon Prime Video,com.amazon.avod.thirdpartyclient,エンタメ,"500,000,000+",Amazon Prime Video_3.0.348.23947_Apkpure.apk,android.permission.GET_ACCOUNTS,android.permission.ACCESS_FINE_LOCATION,com.amazon.identity.permission.GENERIC_IPC,com.amazon.avod.SDK_ACCESS,android.permission.BLUETOOTH,android.permission.INTERNET,android.permission.AUTHENTICATE_ACCOUNTS,android.permission.FOREGROUND_SERVICE,android.permission.USE_CREDENTIALS,com.amazon.device.environment.permission.SWITCH_STAGE,android.permission.MANAGE_ACCOUNTS,android.permission.WRITE_EXTERNAL_STORAGE,com.amazon.dcp.sso.permission.account.changed,com.amazon.dcp.sso.permission.AmazonAccountPropertyService.property.changed,com.amazon.identity.permission.CAN_CALL_MAP_INFORMATION_PROVIDER,com.google.android.c2dm.permission.RECEIVE,com.amazon.dcp.sso.permission.USE_DEVICE_CREDENTIALS,com.amazon.identity.permission.CALL_AMAZON_DEVICE_INFORMATION_PROVIDER,android.permission.WAKE_LOCK,com.amazon.identity.auth.device.perm.AUTH_SDK,android.permission.CHANGE_NETWORK_STATE,com.amazon.CONTENT_PROVIDER_ACCESS,android.permission.ACCESS_COARSE_LOCATION,com.amazon.dcp.sso.permission.MANAGE_COR_PFM,android.permission.VIBRATE,com.google.android.finsky.permission.BIND_GET_INSTALL_REFERRER_SERVICE,android.permission.ACCESS_NETWORK_STATE,android.permission.CHANGE_WIFI_MULTICAST_STATE,android.permission.RECEIVE_BOOT_COMPLETED,android.permission.ACCESS_WIFI_STATE,com.amazon.dcp.metrics.permission.METRICS_PERMISSION,amazon.permission.COLLECT_METRICS,android.permission.READ_PHONE_STATE,com.samsung.permission.USE_MHDR_SERVICE,com.amazon.dcp.config.permission.DYN_CONFIG_VALUES_UPDATED,com.google.android.gms.permission.AD_ID,android.permission.READ_EXTERNAL_STORAGE,com.android.vending.BILLING,com.amazon.appmanager.preload.permission.READ_PRELOAD_DEVICE_INFO_PROVIDER,com.amazon.dcp.sso.permission.CUSTOMER_ATTRIBUTE_SERVICE,android.permission.SCHEDULE_EXACT_ALARM,,,,,,,,,,,,,,,,,,,,,,,,,,
Amazon Seller,com.amazon.sellermobile.android,ビジネス,"10,000,000+",Amazon Seller_8.9.0_Apkpure.apk,android.permission.GET_ACCOUNTS,android.permission.ACCESS_FINE_LOCATION,android.permission.CAMERA,android.permission.INTERNET,android.permission.FOREGROUND_SERVICE,android.permission.AUTHENTICATE_ACCOUNTS,android.permission.USE_CREDENTIALS,android.permission.MANAGE_ACCOUNTS,android.permission.WRITE_EXTERNAL_STORAGE,com.amazon.dcp.sso.permission.account.changed,com.amazon.dcp.sso.permission.AmazonAccountPropertyService.property.changed,com.google.android.c2dm.permission.RECEIVE,com.amazon.dcp.sso.permission.USE_DEVICE_CREDENTIALS,com.amazon.identity.permission.CALL_AMAZON_DEVICE_INFORMATION_PROVIDER,android.permission.WAKE_LOCK,com.amazon.identity.auth.device.perm.AUTH_SDK,android.permission.ACCESS_COARSE_LOCATION,android.permission.VIBRATE,com.amazon.dcp.sso.permission.MANAGE_COR_PFM,com.google.android.finsky.permission.BIND_GET_INSTALL_REFERRER_SERVICE,android.permission.ACCESS_NETWORK_STATE,android.permission.RECEIVE_BOOT_COMPLETED,com.amazon.dcp.metrics.permission.METRICS_PERMISSION,amazon.permission.COLLECT_METRICS,android.permission.READ_PHONE_STATE,android.permission.MODIFY_AUDIO_SETTINGS,com.amazon.dcp.config.permission.DYN_CONFIG_VALUES_UPDATED,android.permission.FLASHLIGHT,android.permission.READ_EXTERNAL_STORAGE,android.permission.HIGH_SAMPLING_RATE_SENSORS,com.amazon.appmanager.preload.permission.READ_PRELOAD_DEVICE_INFO_PROVIDER,com.amazon.dcp.sso.permission.CUSTOMER_ATTRIBUTE_SERVICE,android.permission.RECORD_AUDIO,,,,,,,,,,,,,,,,,,,,,,,,,,,,,,,,,,
Amazon ショッピングアプリ,com.amazon.mShop.android.shopping,ショッピング,"500,000,000+",Amazon Shopping_26.12.0.100_Apkpure.apk,android.permission.GET_ACCOUNTS,android.permission.ACCESS_FINE_LOCATION,android.permission.READ_MEDIA_VIDEO,com.amazon.identity.permission.GENERIC_IPC,android.permission.BLUETOOTH,android.permission.CAMERA,android.permission.INTERNET,android.permission.NEARBY_WIFI_DEVICES,android.permission.FOREGROUND_SERVICE,android.permission.BLUETOOTH_ADMIN,com.amazon.whisperjoin.deviceprovisioningservice.ArcusUpdate.Permission,android.permission.USE_CREDENTIALS,android.permission.AUTHENTICATE_ACCOUNTS,android.permission.MANAGE_ACCOUNTS,com.google.android.apps.photos.permission.GOOGLE_PHOTOS,android.permission.WRITE_EXTERNAL_STORAGE,android.permission.BLUETOOTH_SCAN,com.amazon.dcp.sso.permission.account.changed,com.amazon.dcp.sso.permission.AmazonAccountPropertyService.property.changed,com.amazon.identity.permission.CAN_CALL_MAP_INFORMATION_PROVIDER,com.google.android.c2dm.permission.RECEIVE,com.amazon.dcp.sso.permission.USE_DEVICE_CREDENTIALS,android.permission.READ_CONTACTS,android.permission.WAKE_LOCK,com.amazon.identity.auth.device.perm.AUTH_SDK,com.amazon.identity.permission.CALL_AMAZON_DEVICE_INFORMATION_PROVIDER,android.permission.ACCESS_COARSE_LOCATION,com.amazon.alexa.externalmediaplayer.permission.WAKE_UP,android.permission.VIBRATE,com.amazon.dcp.sso.permission.MANAGE_COR_PFM,com.google.android.finsky.permission.BIND_GET_INSTALL_REFERRER_SERVICE,android.permission.ACCESS_NETWORK_STATE,com.htc.launcher.permission.READ_SETTINGS,android.permission.RECEIVE_BOOT_COMPLETED,com.amazon.whas.API_COMMUNICATION,android.permission.POST_NOTIFICATIONS,android.permission.ACCESS_WIFI_STATE,amazon.permission.COLLECT_METRICS,com.amazon.dcp.metrics.permission.METRICS_PERMISSION,android.permission.BLUETOOTH_ADVERTISE,com.sec.android.provider.badge.permission.READ,com.amazon.whisperjoin.deviceprovisioningservice.FFSServiceAction.permission,android.permission.READ_PHONE_STATE,android.permission.MODIFY_AUDIO_SETTINGS,android.permission.FLASHLIGHT,com.amazon.dcp.config.permission.DYN_CONFIG_VALUES_UPDATED,android.permission.CHANGE_WIFI_STATE,android.permission.READ_EXTERNAL_STORAGE,com.amazon.whisperjoin.deviceprovisioningservice.WhiteListPolicyUpdate.Permission,com.google.android.gms.permission.AD_ID,com.android.launcher.permission.READ_SETTINGS,android.permission.BLUETOOTH_CONNECT,android.permission.HIGH_SAMPLING_RATE_SENSORS,com.android.vending.CHECK_LICENSE,com.amazon.appmanager.preload.permission.READ_PRELOAD_DEVICE_INFO_PROVIDER,android.permission.READ_MEDIA_IMAGES,com.android.vending.BILLING,com.amazon.dcp.sso.permission.CUSTOMER_ATTRIBUTE_SERVICE,com.htc.launcher.permission.UPDATE_SHORTCUT,com.android.launcher.permission.INSTALL_SHORTCUT,android.permission.USE_FINGERPRINT,android.permission.RECORD_AUDIO,android.permission.ACCESS_BACKGROUND_LOCATION,android.permission.READ_PRIVILEGED_PHONE_STATE,android.permission.NFC,com.sec.android.provider.badge.permission.WRITE,com.amazon.dcp.settings.permission.READ_SETTINGS
Amazonビジネス,com.amazon.mShop.android.business.shopping,ショッピング,"1,000,000+",Amazon Business_ Shop and Save_26.12.0.451_Apkpure.apk,android.permission.GET_ACCOUNTS,android.permission.ACCESS_FINE_LOCATION,android.permission.READ_MEDIA_VIDEO,com.amazon.identity.permission.GENERIC_IPC,android.permission.BLUETOOTH,android.permission.CAMERA,android.permission.INTERNET,android.permission.NEARBY_WIFI_DEVICES,android.permission.FOREGROUND_SERVICE,android.permission.BLUETOOTH_ADMIN,com.amazon.whisperjoin.deviceprovisioningservice.ArcusUpdate.Permission,android.permission.USE_CREDENTIALS,android.permission.AUTHENTICATE_ACCOUNTS,android.permission.MANAGE_ACCOUNTS,com.google.android.apps.photos.permission.GOOGLE_PHOTOS,android.permission.WRITE_EXTERNAL_STORAGE,android.permission.BLUETOOTH_SCAN,com.amazon.dcp.sso.permission.account.changed,com.amazon.dcp.sso.permission.AmazonAccountPropertyService.property.changed,com.amazon.identity.permission.CAN_CALL_MAP_INFORMATION_PROVIDER,com.google.android.c2dm.permission.RECEIVE,com.amazon.dcp.sso.permission.USE_DEVICE_CREDENTIALS,android.permission.READ_CONTACTS,android.permission.WAKE_LOCK,com.amazon.identity.auth.device.perm.AUTH_SDK,com.amazon.identity.permission.CALL_AMAZON_DEVICE_INFORMATION_PROVIDER,android.permission.ACCESS_COARSE_LOCATION,android.permission.VIBRATE,com.amazon.dcp.sso.permission.MANAGE_COR_PFM,com.google.android.finsky.permission.BIND_GET_INSTALL_REFERRER_SERVICE,android.permission.ACCESS_NETWORK_STATE,com.htc.launcher.permission.READ_SETTINGS,com.amazon.whas.API_COMMUNICATION,android.permission.RECEIVE_BOOT_COMPLETED,android.permission.POST_NOTIFICATIONS,android.permission.ACCESS_WIFI_STATE,amazon.permission.COLLECT_METRICS,com.amazon.dcp.metrics.permission.METRICS_PERMISSION,android.permission.BLUETOOTH_ADVERTISE,com.sec.android.provider.badge.permission.READ,com.amazon.whisperjoin.deviceprovisioningservice.FFSServiceAction.permission,android.permission.READ_PHONE_STATE,android.permission.FLASHLIGHT,com.amazon.dcp.config.permission.DYN_CONFIG_VALUES_UPDATED,android.permission.CHANGE_WIFI_STATE,android.permission.READ_EXTERNAL_STORAGE,com.amazon.whisperjoin.deviceprovisioningservice.WhiteListPolicyUpdate.Permission,com.google.android.gms.permission.AD_ID,com.android.launcher.permission.READ_SETTINGS,android.permission.BLUETOOTH_CONNECT,android.permission.HIGH_SAMPLING_RATE_SENSORS,com.android.vending.CHECK_LICENSE,com.amazon.appmanager.preload.permission.READ_PRELOAD_DEVICE_INFO_PROVIDER,android.permission.READ_MEDIA_IMAGES,com.amazon.dcp.sso.permission.CUSTOMER_ATTRIBUTE_SERVICE,com.htc.launcher.permission.UPDATE_SHORTCUT,com.android.launcher.permission.INSTALL_SHORTCUT,android.permission.USE_FINGERPRINT,android.permission.RECORD_AUDIO,android.permission.ACCESS_BACKGROUND_LOCATION,com.sec.android.provider.badge.permission.WRITE,com.amazon.dcp.settings.permission.READ_SETTINGS,,,,,
Among Us,com.innersloth.spacemafia,アクション,"500,000,000+",Among Us_2023.6.13_Apkpure.apk,android.permission.INTERNET,android.permission.FOREGROUND_SERVICE,android.permission.CHANGE_WIFI_MULTICAST_STATE,android.permission.ACCESS_NETWORK_STATE,com.android.vending.BILLING,,,,,,,,,,,,,,,,,,,,,,,,,,,,,,,,,,,,,,,,,,,,,,,,,,,,,,,,,,,,,,
Android TV用Spotifyミュージック,com.spotify.tv.android,音楽＆オーディオ,"10,000,000+",/mnt/c/users/ryutaro/downloads/com.spotify.tv.android.apk,android.permission.WAKE_LOCK,com.android.providers.tv.permission.READ_EPG_DATA,android.permission.SYSTEM_ALERT_WINDOW,android.permission.INTERNET,android.permission.FOREGROUND_SERVICE,com.google.android.finsky.permission.BIND_GET_INSTALL_REFERRER_SERVICE,com.android.providers.tv.permission.WRITE_EPG_DATA,com.google.android.gms.permission.AD_ID,android.permission.CHANGE_WIFI_MULTICAST_STATE,android.permission.ACCESS_NETWORK_STATE,android.permission.RECEIVE_BOOT_COMPLETED,,,,,,,,,,,,,,,,,,,,,,,,,,,,,,,,,,,,,,,,,,,,,,,,,,,,,,,,
Animale - Moda Feminina,br.com.animale,ショッピング,"100,000+",Animale - Moda Feminina_4.10.0_Apkpure.apk,android.permission.RECEIVE_BOOT_COMPLETED,android.permission.POST_NOTIFICATIONS,android.permission.ACCESS_FINE_LOCATION,android.permission.ACCESS_WIFI_STATE,com.google.android.c2dm.permission.RECEIVE,android.permission.WAKE_LOCK,android.permission.INTERNET,android.permission.FOREGROUND_SERVICE,com.google.android.finsky.permission.BIND_GET_INSTALL_REFERRER_SERVICE,com.google.android.gms.permission.AD_ID,android.permission.ACCESS_NETWORK_STATE,android.permission.SYSTEM_ALERT_WINDOW,,,,,,,,,,,,,,,,,,,,,,,,,,,,,,,,,,,,,,,,,,,,,,,,,,,,,,,
Anime AI,ai.art.generated.drawing.anime.photo.dream,アート＆デザイン,"1,000,000+",Anime AI_1.2.1_Apkpure.apk,android.permission.WRITE_EXTERNAL_STORAGE,android.permission.POST_NOTIFICATIONS,android.permission.ACCESS_WIFI_STATE,android.permission.READ_MEDIA_IMAGES,android.permission.READ_EXTERNAL_STORAGE,android.permission.READ_MEDIA_VIDEO,android.permission.WAKE_LOCK,android.permission.READ_MEDIA_AUDIO,android.permission.INTERNET,com.google.android.finsky.permission.BIND_GET_INSTALL_REFERRER_SERVICE,android.permission.FOREGROUND_SERVICE,com.applovin.array.apphub.permission.BIND_APPHUB_SERVICE,com.google.android.gms.permission.AD_ID,android.permission.ACCESS_NETWORK_STATE,android.permission.RECEIVE_BOOT_COMPLETED,com.android.vending.BILLING,,,,,,,,,,,,,,,,,,,,,,,,,,,,,,,,,,,,,,,,,,,,,,,,,,,
Anime Color Lite,anime.art.paint.tap.color.by.number.lite,アート＆デザイン,"1,000,000+",Anime Color Lite_1.0.5_Apkpure.apk,android.permission.WRITE_EXTERNAL_STORAGE,android.permission.ACCESS_WIFI_STATE,android.permission.READ_EXTERNAL_STORAGE,android.permission.WAKE_LOCK,android.permission.INTERNET,com.google.android.finsky.permission.BIND_GET_INSTALL_REFERRER_SERVICE,android.permission.FOREGROUND_SERVICE,android.permission.VIBRATE,com.google.android.gms.permission.AD_ID,android.permission.ACCESS_NETWORK_STATE,android.permission.RECEIVE_BOOT_COMPLETED,com.android.vending.BILLING,,,,,,,,,,,,,,,,,,,,,,,,,,,,,,,,,,,,,,,,,,,,,,,,,,,,,,,
AnimeIndo Nonton anime sub,xyz.gl.animevsub,エンタメ,"1,000,000+",/mnt/c/users/ryutaro/downloads/xyz.gl.animevsub.apk,com.huawei.android.launcher.permission.READ_SETTINGS,com.huawei.android.launcher.permission.CHANGE_BADGE,android.permission.READ_APP_BADGE,com.majeur.launcher.permission.UPDATE_BADGE,android.permission.INTERNET,com.oppo.launcher.permission.WRITE_SETTINGS,android.permission.FOREGROUND_SERVICE,me.everything.badger.permission.BADGE_COUNT_WRITE,com.anddoes.launcher.permission.UPDATE_COUNT,android.permission.WRITE_EXTERNAL_STORAGE,com.google.android.c2dm.permission.RECEIVE,me.everything.badger.permission.BADGE_COUNT_READ,android.permission.WAKE_LOCK,com.huawei.android.launcher.permission.WRITE_SETTINGS,android.permission.VIBRATE,com.google.android.finsky.permission.BIND_GET_INSTALL_REFERRER_SERVICE,android.permission.ACCESS_NETWORK_STATE,com.htc.launcher.permission.READ_SETTINGS,android.permission.RECEIVE_BOOT_COMPLETED,com.sonymobile.home.permission.PROVIDER_INSERT_BADGE,android.permission.POST_NOTIFICATIONS,android.permission.ACCESS_WIFI_STATE,com.sec.android.provider.badge.permission.READ,com.oppo.launcher.permission.READ_SETTINGS,xyz.gl.animevsub.permission.C2D_MESSAGE,com.applovin.array.apphub.permission.BIND_APPHUB_SERVICE,com.google.android.gms.permission.AD_ID,android.permission.READ_EXTERNAL_STORAGE,com.android.vending.BILLING,com.htc.launcher.permission.UPDATE_SHORTCUT,com.sonyericsson.home.permission.BROADCAST_BADGE,com.sec.android.provider.badge.permission.WRITE,xyz.gl.animevsub.DYNAMIC_RECEIVER_NOT_EXPORTED_PERMISSION,,,,,,,,,,,,,,,,,,,,,,,,,,,,,,,,,,
AntennaPod,de.danoeh.antennapod,音楽＆オーディオ,"500,000+",AntennaPod_3.0.2_Apkpure.apk,android.permission.WRITE_EXTERNAL_STORAGE,android.permission.ACCESS_WIFI_STATE,android.permission.WAKE_LOCK,android.permission.BLUETOOTH,android.permission.INTERNET,android.permission.FOREGROUND_SERVICE,android.permission.VIBRATE,android.permission.REQUEST_IGNORE_BATTERY_OPTIMIZATIONS,android.permission.ACCESS_NETWORK_STATE,android.permission.RECEIVE_BOOT_COMPLETED,,,,,,,,,,,,,,,,,,,,,,,,,,,,,,,,,,,,,,,,,,,,,,,,,,,,,,,,,
Any.do-タスク+カレンダー+リマインダー+プランナー,com.anydo,仕事効率化,"10,000,000+",Any.do - To do list & Calendar_5.17.0.119_Apkpure.apk,android.permission.GET_ACCOUNTS,com.anydo.DYNAMIC_RECEIVER_NOT_EXPORTED_PERMISSION,android.permission.ACCESS_FINE_LOCATION,android.permission.CAMERA,android.permission.INTERNET,android.permission.AUTHENTICATE_ACCOUNTS,android.permission.FOREGROUND_SERVICE,android.permission.USE_CREDENTIALS,android.permission.MANAGE_ACCOUNTS,android.permission.USE_EXACT_ALARM,android.permission.WRITE_EXTERNAL_STORAGE,com.google.android.c2dm.permission.RECEIVE,android.permission.READ_CONTACTS,android.permission.WAKE_LOCK,com.todoroo.astrid.READ,android.permission.ACCESS_COARSE_LOCATION,android.permission.VIBRATE,android.permission.WRITE_SYNC_SETTINGS,com.google.android.finsky.permission.BIND_GET_INSTALL_REFERRER_SERVICE,android.permission.ACCESS_NETWORK_STATE,android.permission.RECEIVE_BOOT_COMPLETED,android.permission.SYSTEM_ALERT_WINDOW,android.permission.EXPAND_STATUS_BAR,android.permission.POST_NOTIFICATIONS,android.permission.WRITE_CALENDAR,android.permission.ACCESS_WIFI_STATE,android.permission.READ_PHONE_STATE,com.android.launcher.permission.UNINSTALL_SHORTCUT,com.google.android.gms.permission.AD_ID,android.permission.READ_EXTERNAL_STORAGE,com.android.vending.BILLING,com.android.launcher.permission.INSTALL_SHORTCUT,android.permission.READ_CALENDAR,android.permission.RECORD_AUDIO,android.permission.ACCESS_BACKGROUND_LOCATION,android.permission.NFC,com.google.android.providers.gsf.permission.READ_GSERVICES,android.permission.SCHEDULE_EXACT_ALARM,,,,,,,,,,,,,,,,,,,,,,,,,,,,,
AnyDeskリモートデスクトップソフトウェア,com.anydesk.anydeskandroid,ビジネス,"50,000,000+",AnyDesk Remote Desktop_7.0.0_Apkpure.apk,android.permission.RECEIVE_BOOT_COMPLETED,android.permission.POST_NOTIFICATIONS,android.permission.WRITE_EXTERNAL_STORAGE,android.permission.ACCESS_NETWORK_STATE,com.android.launcher.permission.INSTALL_SHORTCUT,android.permission.USE_FINGERPRINT,com.samsung.android.knox.permission.KNOX_REMOTE_CONTROL,android.permission.MANAGE_EXTERNAL_STORAGE,android.permission.WAKE_LOCK,android.permission.RECORD_AUDIO,android.permission.INJECT_EVENTS,android.permission.USE_BIOMETRIC,android.permission.INTERNET,android.permission.FOREGROUND_SERVICE,android.permission.QUERY_ALL_PACKAGES,android.permission.READ_EXTERNAL_STORAGE,android.permission.sec.MDM_REMOTE_CONTROL,android.permission.SYSTEM_ALERT_WINDOW,,,,,,,,,,,,,,,,,,,,,,,,,,,,,,,,,,,,,,,,,,,,,,,,,
AnyPASS,com.anypass.android,エンタメ,"100,000+",AnyPASS_2.0.0_Apkpure.apk,android.permission.ACCESS_FINE_LOCATION,com.huawei.android.launcher.permission.CHANGE_BADGE,com.huawei.android.launcher.permission.READ_SETTINGS,android.permission.READ_APP_BADGE,com.majeur.launcher.permission.UPDATE_BADGE,android.permission.CAMERA,android.permission.INTERNET,com.oppo.launcher.permission.WRITE_SETTINGS,me.everything.badger.permission.BADGE_COUNT_WRITE,com.anddoes.launcher.permission.UPDATE_COUNT,com.google.android.c2dm.permission.RECEIVE,me.everything.badger.permission.BADGE_COUNT_READ,android.permission.WAKE_LOCK,com.huawei.android.launcher.permission.WRITE_SETTINGS,android.permission.ACCESS_COARSE_LOCATION,com.google.android.finsky.permission.BIND_GET_INSTALL_REFERRER_SERVICE,com.htc.launcher.permission.READ_SETTINGS,android.permission.ACCESS_NETWORK_STATE,android.permission.READ_PHONE_NUMBERS,android.permission.POST_NOTIFICATIONS,com.sonymobile.home.permission.PROVIDER_INSERT_BADGE,android.permission.ACCESS_WIFI_STATE,com.sec.android.provider.badge.permission.READ,com.oppo.launcher.permission.READ_SETTINGS,android.permission.READ_PHONE_STATE,android.permission.USE_BIOMETRIC,com.google.android.gms.permission.AD_ID,android.permission.USE_FULL_SCREEN_INTENT,com.htc.launcher.permission.UPDATE_SHORTCUT,android.permission.USE_FINGERPRINT,com.sonyericsson.home.permission.BROADCAST_BADGE,com.sec.android.provider.badge.permission.WRITE,,,,,,,,,,,,,,,,,,,,,,,,,,,,,,,,,,,
App in the Air — フライトトラッカ,com.aita,旅行＆地域,"500,000+",Air Canada App_0.9.15-production_Apkpure.apk,android.permission.GET_ACCOUNTS,android.permission.WRITE_EXTERNAL_STORAGE,android.permission.ACCESS_WIFI_STATE,com.google.android.c2dm.permission.RECEIVE,com.AirCanadaApp.permission.C2D_MESSAGE,android.permission.WAKE_LOCK,android.permission.READ_PHONE_STATE,android.permission.INTERNET,android.permission.USE_CREDENTIALS,android.permission.ACCESS_NETWORK_STATE,,,,,,,,,,,,,,,,,,,,,,,,,,,,,,,,,,,,,,,,,,,,,,,,,,,,,,,,,
Apple Music,com.apple.android.music,音楽＆オーディオ,"100,000,000+",Apple Music_4.2.0_Apkpure.apk,android.permission.BLUETOOTH,android.permission.CAMERA,android.permission.INTERNET,android.permission.FOREGROUND_SERVICE,com.google.android.apps.photos.permission.GOOGLE_PHOTOS,android.permission.WRITE_EXTERNAL_STORAGE,com.google.android.c2dm.permission.RECEIVE,android.permission.READ_CONTACTS,android.permission.WAKE_LOCK,android.permission.CHANGE_NETWORK_STATE,com.google.android.finsky.permission.BIND_GET_INSTALL_REFERRER_SERVICE,android.permission.ACCESS_NETWORK_STATE,android.permission.RECEIVE_BOOT_COMPLETED,android.permission.POST_NOTIFICATIONS,android.permission.ACCESS_WIFI_STATE,android.permission.MODIFY_AUDIO_SETTINGS,android.permission.DOWNLOAD_WITHOUT_NOTIFICATION,android.permission.CHANGE_WIFI_STATE,android.permission.READ_EXTERNAL_STORAGE,com.google.android.gms.permission.AD_ID,com.android.vending.BILLING,android.permission.READ_MEDIA_IMAGES,,,,,,,,,,,,,,,,,,,,,,,,,,,,,,,,,,,,,,,,,,,,,
Apple TV,com.apple.atve.androidtv.appletv,エンタメ,"10,000,000+",Apple TV_13.4.0_Apkpure.apk,android.permission.WAKE_LOCK,android.permission.MODIFY_AUDIO_SETTINGS,com.android.providers.tv.permission.READ_EPG_DATA,android.permission.INTERNET,android.permission.FOREGROUND_SERVICE,com.android.providers.tv.permission.WRITE_EPG_DATA,android.permission.ACCESS_NETWORK_STATE,android.permission.RECEIVE_BOOT_COMPLETED,,,,,,,,,,,,,,,,,,,,,,,,,,,,,,,,,,,,,,,,,,,,,,,,,,,,,,,,,,,
Appso：ソーシャルメディアとソーシャルネットワークアプリ,com.web_view_mohammed.ad.webview_app,ソーシャルネットワーク,"10,000,000+",Appso_ all social media apps_16.2_Apkpure.apk,android.permission.ACCESS_FINE_LOCATION,android.permission.BLUETOOTH,android.permission.INTERNET,android.permission.FOREGROUND_SERVICE,android.permission.ACCESS_ASSISTED_GPS,android.permission.WRITE_EXTERNAL_STORAGE,android.permission.MOUNT_UNMOUNT_FILESYSTEM,android.permission.WAKE_LOCK,android.permission.ACCESS_COARSE_LOCATION,android.permission.ACCESS_LOCATION,com.google.android.finsky.permission.BIND_GET_INSTALL_REFERRER_SERVICE,android.permission.ACCESS_NETWORK_STATE,android.permission.ACCESS_WIFI_STATE,android.permission.Ad_ID,android.permission.READ_PHONE_STATE,android.permission.MODIFY_AUDIO_SETTINGS,com.applovin.array.apphub.permission.BIND_APPHUB_SERVICE,com.google.android.gms.permission.AD_ID,android.permission.READ_EXTERNAL_STORAGE,android.webkit.PermissionRequest,android.permission.ACCESS_GPS,,,,,,,,,,,,,,,,,,,,,,,,,,,,,,,,,,,,,,,,,,,,,,
Aqua Mail - 高速で安全な電子メール,org.kman.AquaMail,ビジネス,"5,000,000+","Email Aqua Mail - Fast, Secure_1.44.2_Apkpure.apk",com.google.android.gallery3d.permission.GALLERY_PROVIDER,android.permission.GET_ACCOUNTS,android.permission.READ_PROFILE,com.huawei.android.launcher.permission.CHANGE_BADGE,android.permission.READ_MEDIA_VIDEO,android.permission.READ_MEDIA_AUDIO,android.permission.INTERNET,android.permission.AUTHENTICATE_ACCOUNTS,android.permission.FOREGROUND_SERVICE,android.permission.MANAGE_ACCOUNTS,com.anddoes.launcher.permission.UPDATE_COUNT,android.permission.WRITE_EXTERNAL_STORAGE,com.google.android.c2dm.permission.RECEIVE,android.permission.READ_CONTACTS,android.permission.WAKE_LOCK,android.permission.CHANGE_NETWORK_STATE,android.permission.VIBRATE,android.permission.WRITE_SYNC_SETTINGS,com.google.android.finsky.permission.BIND_GET_INSTALL_REFERRER_SERVICE,android.permission.ACCESS_NETWORK_STATE,android.permission.RECEIVE_BOOT_COMPLETED,android.permission.POST_NOTIFICATIONS,android.permission.ACCESS_WIFI_STATE,android.permission.WRITE_CALENDAR,com.sec.android.provider.badge.permission.READ,android.permission.READ_PHONE_STATE,android.permission.WRITE_CONTACTS,com.applovin.array.apphub.permission.BIND_APPHUB_SERVICE,android.permission.CHANGE_WIFI_STATE,android.permission.READ_EXTERNAL_STORAGE,com.google.android.gms.permission.AD_ID,com.android.vending.BILLING,android.permission.READ_MEDIA_IMAGES,android.permission.READ_CALENDAR,android.permission.READ_SYNC_SETTINGS,com.sonyericsson.home.permission.BROADCAST_BADGE,android.permission.READ_SYNC_STATS,android.permission.SCHEDULE_EXACT_ALARM,,,,,,,,,,,,,,,,,,,,,,,,,,,,,
Arduino Science Journal,cc.arduino.sciencejournal,教育,"100,000+",Arduino Science Journal_6.1.0_Apkpure.apk,android.permission.ACCESS_FINE_LOCATION,android.permission.BLUETOOTH,android.permission.CAMERA,android.permission.INTERNET,android.permission.FOREGROUND_SERVICE,android.permission.BLUETOOTH_ADMIN,android.permission.WRITE_EXTERNAL_STORAGE,android.permission.BLUETOOTH_SCAN,com.google.android.c2dm.permission.RECEIVE,android.permission.WAKE_LOCK,android.permission.ACCESS_COARSE_LOCATION,android.permission.VIBRATE,com.google.android.finsky.permission.BIND_GET_INSTALL_REFERRER_SERVICE,android.permission.ACCESS_NETWORK_STATE,android.permission.ACCESS_WIFI_STATE,android.permission.BLUETOOTH_ADVERTISE,android.permission.USE_BIOMETRIC,android.permission.DOWNLOAD_WITHOUT_NOTIFICATION,com.google.android.gms.permission.AD_ID,android.permission.READ_EXTERNAL_STORAGE,android.permission.BLUETOOTH_CONNECT,com.android.vending.BILLING,com.android.vending.CHECK_LICENSE,android.permission.USE_FINGERPRINT,android.permission.RECORD_AUDIO,,,,,,,,,,,,,,,,,,,,,,,,,,,,,,,,,,,,,,,,,,
Argenta,com.sitael.vending,フード＆ドリンク,"100,000+",Argenta_4.0.0.0_Apkpure.apk,android.permission.ACCESS_FINE_LOCATION,android.permission.BLUETOOTH,android.permission.CAMERA,android.permission.INTERNET,android.permission.FOREGROUND_SERVICE,android.permission.BLUETOOTH_ADMIN,android.permission.BLUETOOTH_SCAN,com.google.android.c2dm.permission.RECEIVE,android.permission.READ_CONTACTS,android.permission.WAKE_LOCK,android.permission.REORDER_TASKS,android.permission.ACCESS_COARSE_LOCATION,android.permission.VIBRATE,com.google.android.finsky.permission.BIND_GET_INSTALL_REFERRER_SERVICE,android.permission.ACCESS_NETWORK_STATE,android.permission.RECEIVE_BOOT_COMPLETED,com.sitael.vending.DYNAMIC_RECEIVER_NOT_EXPORTED_PERMISSION,android.permission.POST_NOTIFICATIONS,android.permission.USE_BIOMETRIC,com.google.android.gms.permission.AD_ID,android.permission.BLUETOOTH_CONNECT,android.permission.USE_FINGERPRINT,android.permission.NFC,,,,,,,,,,,,,,,,,,,,,,,,,,,,,,,,,,,,,,,,,,,,
Art History & Famous Paintings,com.ginkgoacademy.art,教育,"10,000+",Art History_2.0.0_Apkpure.apk,android.permission.WAKE_LOCK,android.permission.INTERNET,android.permission.FOREGROUND_SERVICE,com.google.android.gms.permission.AD_ID,android.permission.ACCESS_NETWORK_STATE,android.permission.RECEIVE_BOOT_COMPLETED,,,,,,,,,,,,,,,,,,,,,,,,,,,,,,,,,,,,,,,,,,,,,,,,,,,,,,,,,,,,,
Art Puzzle - ジグソーパズル,com.easybrain.art.puzzle,パズル,"10,000,000+",/mnt/c/users/ryutaro/downloads/com.easybrain.art.puzzle.apk,android.permission.WRITE_EXTERNAL_STORAGE,android.permission.POST_NOTIFICATIONS,android.permission.ACCESS_WIFI_STATE,android.permission.READ_EXTERNAL_STORAGE,com.google.android.c2dm.permission.RECEIVE,android.permission.WAKE_LOCK,android.permission.INTERNET,com.easybrain.art.puzzle.DYNAMIC_RECEIVER_NOT_EXPORTED_PERMISSION,com.google.android.finsky.permission.BIND_GET_INSTALL_REFERRER_SERVICE,android.permission.VIBRATE,com.applovin.array.apphub.permission.BIND_APPHUB_SERVICE,com.google.android.gms.permission.AD_ID,android.permission.ACCESS_NETWORK_STATE,android.permission.RECEIVE_BOOT_COMPLETED,com.android.vending.BILLING,,,,,,,,,,,,,,,,,,,,,,,,,,,,,,,,,,,,,,,,,,,,,,,,,,,,
Art quiz,com.artquiz.triviaquestionsandanswers,エンタメ,"100,000+",/mnt/c/users/ryutaro/downloads/com.artquiz.triviaquestionsandanswers.apk,android.permission.WRITE_EXTERNAL_STORAGE,android.permission.ACCESS_WIFI_STATE,android.permission.READ_EXTERNAL_STORAGE,android.permission.WAKE_LOCK,android.permission.INTERNET,com.google.android.finsky.permission.BIND_GET_INSTALL_REFERRER_SERVICE,com.google.android.gms.permission.AD_ID,android.permission.FOREGROUND_SERVICE,com.applovin.array.apphub.permission.BIND_APPHUB_SERVICE,android.permission.CHANGE_WIFI_MULTICAST_STATE,android.permission.ACCESS_NETWORK_STATE,android.permission.RECEIVE_BOOT_COMPLETED,com.android.vending.BILLING,,,,,,,,,,,,,,,,,,,,,,,,,,,,,,,,,,,,,,,,,,,,,,,,,,,,,,
ArtFlow: Paint Draw Sketchbook,com.bytestorm.artflow,アート＆デザイン,"5,000,000+",ArtFlow_ Paint Draw Sketchbook_2.9.26_Apkpure.apk,android.permission.WRITE_EXTERNAL_STORAGE,android.permission.ACCESS_NETWORK_STATE,android.permission.WAKE_LOCK,android.permission.USE_CREDENTIALS,android.permission.INTERNET,android.permission.FOREGROUND_SERVICE,com.google.android.finsky.permission.BIND_GET_INSTALL_REFERRER_SERVICE,android.permission.VIBRATE,com.google.android.gms.permission.AD_ID,android.permission.READ_EXTERNAL_STORAGE,android.permission.RECEIVE_BOOT_COMPLETED,com.android.vending.BILLING,,,,,,,,,,,,,,,,,,,,,,,,,,,,,,,,,,,,,,,,,,,,,,,,,,,,,,,
Artier: Arts and Culture,com.vipulasri.artier,教育,"50,000+",Artier_ Arts and Culture_1.9.7_Apkpure.apk,android.permission.WRITE_EXTERNAL_STORAGE,android.permission.SET_WALLPAPER,android.permission.WAKE_LOCK,android.permission.INTERNET,com.google.android.finsky.permission.BIND_GET_INSTALL_REFERRER_SERVICE,android.permission.FOREGROUND_SERVICE,com.google.android.gms.permission.AD_ID,android.permission.ACCESS_NETWORK_STATE,android.permission.RECEIVE_BOOT_COMPLETED,com.android.vending.BILLING,,,,,,,,,,,,,,,,,,,,,,,,,,,,,,,,,,,,,,,,,,,,,,,,,,,,,,,,,
Artio：ジグソー配色ゲーム,artio.coloring.puzzle,パズル,"100,000+",/mnt/c/users/ryutaro/downloads/artio.coloring.puzzle.apk,com.android.vending.CHECK_LICENSE,android.permission.ACCESS_WIFI_STATE,android.permission.WAKE_LOCK,android.permission.INTERNET,com.singular.preinstall.READ_PERMISSION_SINGULAR,com.google.android.finsky.permission.BIND_GET_INSTALL_REFERRER_SERVICE,android.permission.FOREGROUND_SERVICE,android.permission.VIBRATE,com.applovin.array.apphub.permission.BIND_APPHUB_SERVICE,com.google.android.gms.permission.AD_ID,android.permission.ACCESS_NETWORK_STATE,,,,,,,,,,,,,,,,,,,,,,,,,,,,,,,,,,,,,,,,,,,,,,,,,,,,,,,,
Asana: すべての仕事を一か所に,com.asana.app,ビジネス,"5,000,000+",Asana_ Work in one place_7.51.7_Apkpure.apk,android.permission.GET_ACCOUNTS,android.permission.WRITE_EXTERNAL_STORAGE,android.permission.ACCESS_NETWORK_STATE,com.google.android.c2dm.permission.RECEIVE,android.permission.VIBRATE,android.permission.USE_FINGERPRINT,android.permission.READ_CONTACTS,android.permission.WAKE_LOCK,android.permission.USE_BIOMETRIC,android.permission.INTERNET,com.google.android.finsky.permission.BIND_GET_INSTALL_REFERRER_SERVICE,android.permission.FOREGROUND_SERVICE,android.permission.USE_CREDENTIALS,com.google.android.gms.permission.AD_ID,android.permission.READ_EXTERNAL_STORAGE,android.permission.RECEIVE_BOOT_COMPLETED,,,,,,,,,,,,,,,,,,,,,,,,,,,,,,,,,,,,,,,,,,,,,,,,,,,
Assoluto Racing,com.infinityvector.assolutoracing,レース,"10,000,000+",/mnt/c/users/ryutaro/downloads/com.infinityvector.assolutoracing.apk,android.permission.WRITE_EXTERNAL_STORAGE,android.permission.READ_EXTERNAL_STORAGE,android.permission.WAKE_LOCK,android.permission.INTERNET,android.permission.FOREGROUND_SERVICE,com.google.android.gms.permission.AD_ID,android.permission.ACCESS_NETWORK_STATE,android.permission.RECEIVE_BOOT_COMPLETED,com.android.vending.BILLING,,,,,,,,,,,,,,,,,,,,,,,,,,,,,,,,,,,,,,,,,,,,,,,,,,,,,,,,,,
AtHome Camera 家と車を守る,com.ichano.athome.camera,ツール,"5,000,000+",Athome Camera_ Remote Monitor_5.5.0_Apkpure.apk,android.permission.DISABLE_KEYGUARD,com.ichano.athome.camera.permission.PUSH_PROVIDER,android.permission.GET_ACCOUNTS,android.permission.ACCESS_FINE_LOCATION,android.permission.WRITE_SETTINGS,com.huawei.android.launcher.permission.CHANGE_BADGE,android.permission.CAMERA,android.permission.ACCESS_COARSE_UPDATES,android.permission.INTERNET,android.permission.KILL_BACKGROUND_PROCESSES,android.permission.CHANGE_CONFIGURATION,android.permission.QUERY_ALL_PACKAGES,android.permission.WRITE_EXTERNAL_STORAGE,com.google.android.gms.permission.ACTIVITY_RECOGNITION,com.google.android.c2dm.permission.RECEIVE,android.permission.READ_CONTACTS,android.permission.WAKE_LOCK,android.permission.REORDER_TASKS,android.permission.WRITE_OWER_DATA,android.permission.CHANGE_NETWORK_STATE,android.permission.READ_LOGS,android.permission.ACCESS_COARSE_LOCATION,com.asus.msa.SupplementaryDID.ACCESS,android.permission.VIBRATE,com.ichano.athome.camera.permission.PROCESS_PUSH_MSG,android.permission.CHANGE_WIFI_MULTICAST_STATE,android.permission.ACCESS_NETWORK_STATE,com.google.android.finsky.permission.BIND_GET_INSTALL_REFERRER_SERVICE,android.permission.RECEIVE_BOOT_COMPLETED,android.permission.SYSTEM_ALERT_WINDOW,com.ichano.athome.camera.permission.C2D_MESSAGE,com.ichano.athome.camera.permission.MIPUSH_RECEIVE,android.permission.POST_NOTIFICATIONS,com.ichano.athome.camera.permission.JPUSH_MESSAGE,android.permission.ACCESS_WIFI_STATE,android.permission.RECEIVE_USER_PRESENT,android.permission.READ_PHONE_STATE,android.permission.MODIFY_AUDIO_SETTINGS,android.permission.REQUEST_INSTALL_PACKAGES,android.permission.FLASHLIGHT,android.permission.DOWNLOAD_WITHOUT_NOTIFICATION,android.permission.CHANGE_WIFI_STATE,android.permission.READ_EXTERNAL_STORAGE,com.android.launcher.permission.READ_SETTINGS,com.android.vending.BILLING,android.permission.MOUNT_UNMOUNT_FILESYSTEMS,com.android.vending.CHECK_LICENSE,android.permission.ACCESS_DOWNLOAD_MANAGER,android.permission.BROADCAST_STICKY,android.permission.READ_OWER_DATA,android.permission.ACCESS_LOCATION_EXTRA_COMMANDS,com.hihonor.android.launcher.permission.CHANGE_BADGE,android.permission.RECORD_AUDIO,android.permission.ACCESS_BACKGROUND_LOCATION,com.vivo.notification.permission.BADGE_ICON,android.permission.ACTIVITY_RECOGNITION,android.permission.GET_TASKS,com.ichano.athome.camera.openadsdk.permission.TT_PANGOLIN,,,,,,,,,
Atlas VPN: fast and secure VPN,com.atlasvpn.free.android.proxy.secure,ツール,"5,000,000+",/mnt/c/users/ryutaro/downloads/com.atlasvpn.free.android.proxy.secure.apk,android.permission.WRITE_EXTERNAL_STORAGE,android.permission.POST_NOTIFICATIONS,android.permission.ACCESS_WIFI_STATE,com.google.android.c2dm.permission.RECEIVE,com.atlasvpn.free.android.proxy.secure.permission.RECEIVE_ADM_MESSAGE,android.permission.WAKE_LOCK,com.amazon.device.messaging.permission.RECEIVE,com.atlasvpn.free.android.proxy.secure.DYNAMIC_RECEIVER_NOT_EXPORTED_PERMISSION,android.permission.INTERNET,android.permission.FOREGROUND_SERVICE,com.google.android.finsky.permission.BIND_GET_INSTALL_REFERRER_SERVICE,android.permission.VIBRATE,com.google.android.gms.permission.AD_ID,android.permission.ACCESS_NETWORK_STATE,android.permission.RECEIVE_BOOT_COMPLETED,com.android.vending.BILLING,,,,,,,,,,,,,,,,,,,,,,,,,,,,,,,,,,,,,,,,,,,,,,,,,,,
Audible (オーディブル),com.audible.application,書籍＆参考書,"100,000,000+",Audible_ Audio Entertainment_3.53.0_Apkpure.apk,android.permission.BLUETOOTH,android.permission.INTERNET,com.amazon.alexa.handsfree.protocols.permission.DATA_SYNC,android.permission.FOREGROUND_SERVICE,android.permission.WRITE_EXTERNAL_STORAGE,com.amazon.dcp.sso.permission.account.changed,com.amazon.dcp.sso.permission.AmazonAccountPropertyService.property.changed,com.google.android.c2dm.permission.RECEIVE,com.amazon.dcp.sso.permission.USE_DEVICE_CREDENTIALS,android.permission.READ_BASIC_PHONE_STATE,com.amazon.identity.permission.CALL_AMAZON_DEVICE_INFORMATION_PROVIDER,android.permission.WAKE_LOCK,com.amazon.identity.auth.device.perm.AUTH_SDK,com.amazon.alexa.externalmediaplayer.permission.WAKE_UP,com.amazon.dcp.sso.permission.MANAGE_COR_PFM,android.permission.CHANGE_WIFI_MULTICAST_STATE,android.permission.ACCESS_NETWORK_STATE,com.google.android.finsky.permission.BIND_GET_INSTALL_REFERRER_SERVICE,android.permission.RECEIVE_BOOT_COMPLETED,android.permission.POST_NOTIFICATIONS,android.permission.ACCESS_WIFI_STATE,amazon.permission.COLLECT_METRICS,com.amazon.dcp.metrics.permission.METRICS_PERMISSION,com.audible.application.permission.C2D_MESSAGE,android.permission.READ_PHONE_STATE,android.permission.MODIFY_AUDIO_SETTINGS,com.amazon.kindle.cms.CMS_ACCESS,com.amazon.dcp.config.permission.DYN_CONFIG_VALUES_UPDATED,android.permission.REQUEST_IGNORE_BATTERY_OPTIMIZATIONS,com.google.android.gms.permission.AD_ID,android.permission.CHANGE_WIFI_STATE,android.permission.READ_EXTERNAL_STORAGE,android.permission.BLUETOOTH_CONNECT,com.android.vending.BILLING,com.audible.application.externalmediaplayer.permission.WAKE_UP,com.amazon.appmanager.preload.permission.READ_PRELOAD_DEVICE_INFO_PROVIDER,com.amazon.dcp.sso.permission.CUSTOMER_ATTRIBUTE_SERVICE,android.permission.RECORD_AUDIO,,,,,,,,,,,,,,,,,,,,,,,,,,,,,
Audiobooks.com: Books & More,com.audiobooks.androidapp,書籍＆参考書,"5,000,000+",Audiobooks.com_ Books & More_9.0.5_Apkpure.apk,android.permission.WRITE_EXTERNAL_STORAGE,android.permission.POST_NOTIFICATIONS,android.permission.ACCESS_WIFI_STATE,android.permission.READ_EXTERNAL_STORAGE,com.google.android.c2dm.permission.RECEIVE,android.permission.WAKE_LOCK,android.permission.READ_PHONE_STATE,android.permission.BLUETOOTH,android.permission.INTERNET,android.permission.FOREGROUND_SERVICE,com.google.android.finsky.permission.BIND_GET_INSTALL_REFERRER_SERVICE,com.google.android.gms.permission.AD_ID,android.permission.CHANGE_WIFI_MULTICAST_STATE,android.permission.ACCESS_NETWORK_STATE,android.permission.RECEIVE_BOOT_COMPLETED,,,,,,,,,,,,,,,,,,,,,,,,,,,,,,,,,,,,,,,,,,,,,,,,,,,,
Audioteka: Audiobooki/Podcasty,com.audioteka,エンタメ,"1,000,000+",Audioteka_ Audiobooks_Podcasts_3.41.19_Apkpure.apk,com.huawei.android.launcher.permission.READ_SETTINGS,com.huawei.android.launcher.permission.CHANGE_BADGE,android.permission.READ_APP_BADGE,com.majeur.launcher.permission.UPDATE_BADGE,android.vending.BILLING,android.permission.INTERNET,com.oppo.launcher.permission.WRITE_SETTINGS,android.permission.FOREGROUND_SERVICE,me.everything.badger.permission.BADGE_COUNT_WRITE,com.anddoes.launcher.permission.UPDATE_COUNT,android.permission.WRITE_EXTERNAL_STORAGE,com.google.android.c2dm.permission.RECEIVE,me.everything.badger.permission.BADGE_COUNT_READ,android.permission.WAKE_LOCK,com.huawei.android.launcher.permission.WRITE_SETTINGS,com.google.android.finsky.permission.BIND_GET_INSTALL_REFERRER_SERVICE,com.htc.launcher.permission.READ_SETTINGS,android.permission.ACCESS_NETWORK_STATE,android.permission.RECEIVE_BOOT_COMPLETED,com.sonymobile.home.permission.PROVIDER_INSERT_BADGE,android.permission.POST_NOTIFICATIONS,com.sec.android.provider.badge.permission.READ,com.oppo.launcher.permission.READ_SETTINGS,com.audioteka.DYNAMIC_RECEIVER_NOT_EXPORTED_PERMISSION,com.google.android.gms.permission.AD_ID,android.permission.REQUEST_IGNORE_BATTERY_OPTIMIZATIONS,com.android.vending.BILLING,com.htc.launcher.permission.UPDATE_SHORTCUT,com.sonyericsson.home.permission.BROADCAST_BADGE,com.sec.android.provider.badge.permission.WRITE,,,,,,,,,,,,,,,,,,,,,,,,,,,,,,,,,,,,,
Auto Puppet - プログラミングバトル,com.takoyaking.autopuppet,教育,"1,000+",/mnt/c/users/ryutaro/downloads/com.takoyaking.autopuppet.apk,android.permission.INTERNET,android.permission.ACCESS_NETWORK_STATE,android.permission.WAKE_LOCK,,,,,,,,,,,,,,,,,,,,,,,,,,,,,,,,,,,,,,,,,,,,,,,,,,,,,,,,,,,,,,,,
AutoReserve - AIによるレストラン予約アプリ,com.autoreservenative,フード＆ドリンク,"50,000+",Wombo AI_3.0_Apkpure.apk,android.permission.ACCESS_FINE_LOCATION,android.permission.WRITE_SETTINGS,android.permission.CAMERA,android.permission.INTERNET,android.permission.FOREGROUND_SERVICE,android.permission.WRITE_EXTERNAL_STORAGE,android.permission.SET_WALLPAPER_HINTS,com.google.android.c2dm.permission.RECEIVE,android.permission.WAKE_LOCK,android.permission.CHANGE_NETWORK_STATE,android.permission.ACCESS_COARSE_LOCATION,com.google.android.finsky.permission.BIND_GET_INSTALL_REFERRER_SERVICE,android.permission.ACCESS_NETWORK_STATE,android.permission.SYSTEM_ALERT_WINDOW,android.permission.RECEIVE_BOOT_COMPLETED,android.permission.ACCESS_WIFI_STATE,android.permission.SET_WALLPAPER,android.permission.REQUEST_IGNORE_BATTERY_OPTIMIZATIONS,android.permission.READ_EXTERNAL_STORAGE,android.permission.CHANGE_WIFI_STATE,com.android.vending.BILLING,,,,,,,,,,,,,,,,,,,,,,,,,,,,,,,,,,,,,,,,,,,,,,
